Fecha,Cierre
01.01.2022,47755
31.12.2021,46218
30.12.2021,47156
29.12.2021,46465
28.12.2021,47554
27.12.2021,50684
26.12.2021,50797
25.12.2021,50437
24.12.2021,50815
23.12.2021,50812
22.12.2021,48626
21.12.2021,48923
20.12.2021,46898
19.12.2021,46716.5
18.12.2021,46879
17.12.2021,46193
16.12.2021,47675
15.12.2021,48901
14.12.2021,48408
13.12.2021,46777
12.12.2021,50123
11.12.2021,49363.1
10.12.2021,47170
09.12.2021,47611
08.12.2021,50503.4
07.12.2021,50634
06.12.2021,50566.6
05.12.2021,49469
04.12.2021,49272
03.12.2021,53709
02.12.2021,56517
01.12.2021,57250
30.11.2021,56938
29.11.2021,57845
28.11.2021,57325
27.11.2021,54836
26.11.2021,53738
25.11.2021,58995
24.11.2021,57209
23.11.2021,57602
22.11.2021,56299
21.11.2021,58790
20.11.2021,59739
19.11.2021,58130
18.11.2021,57014
17.11.2021,60386.1
16.11.2021,60124
15.11.2021,63562
14.11.2021,65471
13.11.2021,64406
12.11.2021,64156
11.11.2021,64801
10.11.2021,64954
09.11.2021,66935
08.11.2021,67526
07.11.2021,63259.1
06.11.2021,61496
05.11.2021,61016.4
04.11.2021,61422.8
03.11.2021,62904
02.11.2021,63249
01.11.2021,60927
31.10.2021,61330
30.10.2021,61838.8
29.10.2021,62235
28.10.2021,60598
27.10.2021,58453
26.10.2021,60290
25.10.2021,63100
24.10.2021,60847
23.10.2021,61302
22.10.2021,60708
21.10.2021,62200
20.10.2021,65988
19.10.2021,64237
18.10.2021,62034
17.10.2021,61511
16.10.2021,60867.5
15.10.2021,61709
14.10.2021,57354
13.10.2021,57381
12.10.2021,55967
11.10.2021,57468
10.10.2021,54701
09.10.2021,54978
08.10.2021,53925
07.10.2021,53793
06.10.2021,55331
05.10.2021,51508
04.10.2021,49252
03.10.2021,48243
02.10.2021,47675
01.10.2021,48157
30.09.2021,43830
29.09.2021,41551
28.09.2021,41064
27.09.2021,42191
26.09.2021,43180
25.09.2021,42711
24.09.2021,42878
23.09.2021,44882
22.09.2021,43582.6
21.09.2021,40664
20.09.2021,43002
19.09.2021,47239
18.09.2021,48309
17.09.2021,47292
16.09.2021,47786
15.09.2021,48136
14.09.2021,47078
13.09.2021,44960
12.09.2021,46069
11.09.2021,45169
10.09.2021,44852
09.09.2021,46389
08.09.2021,46088
07.09.2021,46778
06.09.2021,52676
05.09.2021,51762
04.09.2021,49899
03.09.2021,50000
02.09.2021,49291
01.09.2021,48844
31.08.2021,47157
30.08.2021,47008
29.08.2021,48800
28.08.2021,48914
27.08.2021,49076.1
26.08.2021,46832
25.08.2021,48989
24.08.2021,47714
23.08.2021,49539
22.08.2021,49264
21.08.2021,48868
20.08.2021,49332
19.08.2021,46765
18.08.2021,44744
17.08.2021,44698
16.08.2021,45940
15.08.2021,47031
14.08.2021,47084
13.08.2021,47842
12.08.2021,44423
11.08.2021,45546
10.08.2021,45612
09.08.2021,46293
08.08.2021,43770
07.08.2021,44589
06.08.2021,42830
05.08.2021,40887
04.08.2021,39754
03.08.2021,38207
02.08.2021,39156
01.08.2021,39922
31.07.2021,41409
30.07.2021,42169
29.07.2021,40041
28.07.2021,40004
27.07.2021,39563
26.07.2021,37296
25.07.2021,35407
24.07.2021,33845
23.07.2021,33597.1
22.07.2021,32320
21.07.2021,32141
20.07.2021,29806.1
19.07.2021,30847
18.07.2021,31824
17.07.2021,31559
16.07.2021,31429
15.07.2021,31857
14.07.2021,32822.6
13.07.2021,32727
12.07.2021,33090
11.07.2021,34239
10.07.2021,33506
09.07.2021,33769
08.07.2021,32873.9
07.07.2021,33886
06.07.2021,34140
05.07.2021,33668
04.07.2021,35289
03.07.2021,34758
02.07.2021,33816
01.07.2021,33554.4
30.06.2021,35043.5
29.06.2021,35895.9
28.06.2021,34484
27.06.2021,34717
26.06.2021,32359
25.06.2021,31584
24.06.2021,34656.6
23.06.2021,33703
22.06.2021,32553
21.06.2021,31761
20.06.2021,35631
19.06.2021,35585.8
18.06.2021,35802
17.06.2021,38061
16.06.2021,38332
15.06.2021,40139
14.06.2021,40500
13.06.2021,39004
12.06.2021,35531
11.06.2021,37338
10.06.2021,36649.2
09.06.2021,37347
08.06.2021,33415
07.06.2021,33596
06.06.2021,35782
05.06.2021,35543
04.06.2021,36854
03.06.2021,39209
02.06.2021,37590
01.06.2021,36672.6
31.05.2021,37305
30.05.2021,35615
29.05.2021,34570
28.05.2021,35667
27.05.2021,38435
26.05.2021,39301
25.05.2021,38363
24.05.2021,38772.9
23.05.2021,34730.3
22.05.2021,37585
21.05.2021,37415
20.05.2021,40578
19.05.2021,36755
18.05.2021,42935
17.05.2021,43544
16.05.2021,46582.9
15.05.2021,46784.9
14.05.2021,49917
13.05.2021,49747
12.05.2021,49725
11.05.2021,56715
10.05.2021,55851
09.05.2021,58276
08.05.2021,58894
07.05.2021,57349
06.05.2021,56451
05.05.2021,57477
04.05.2021,53264
03.05.2021,57147
02.05.2021,56605
01.05.2021,57774
30.04.2021,57637
29.04.2021,53566
28.04.2021,54860
27.04.2021,55044
26.04.2021,54103
25.04.2021,49116.3
24.04.2021,50167
23.04.2021,51139
22.04.2021,51781.3
21.04.2021,53822
20.04.2021,56476
19.04.2021,55639
18.04.2021,56163
17.04.2021,59970
16.04.2021,61325
15.04.2021,63196
14.04.2021,62942.7
13.04.2021,63518
12.04.2021,59900
11.04.2021,60034.8
10.04.2021,59823.8
09.04.2021,58114
08.04.2021,58110
07.04.2021,55960
06.04.2021,57991
05.04.2021,59145
04.04.2021,58240
03.04.2021,57023
02.04.2021,58959
01.04.2021,58727.4
31.03.2021,58796
30.03.2021,58841
29.03.2021,57672.3
28.03.2021,55773
27.03.2021,55886
26.03.2021,54992.9
25.03.2021,51363
24.03.2021,52347.2
23.03.2021,54331
22.03.2021,54074
21.03.2021,57368
20.03.2021,58087
19.03.2021,58074
18.03.2021,57640
17.03.2021,58870
16.03.2021,56924
15.03.2021,55644
14.03.2021,59005
13.03.2021,61207
12.03.2021,57315
11.03.2021,57869
10.03.2021,55955.2
09.03.2021,54949.4
08.03.2021,52395
07.03.2021,51031.2
06.03.2021,48895
05.03.2021,48811
04.03.2021,48368
03.03.2021,50425
02.03.2021,48526
01.03.2021,49572
28.02.2021,45300
27.02.2021,46217
26.02.2021,46319
25.02.2021,47144
24.02.2021,49715
23.02.2021,48888
22.02.2021,54078
21.02.2021,57376
20.02.2021,55838
19.02.2021,55847
18.02.2021,51566
17.02.2021,52060
16.02.2021,49225
15.02.2021,47941
14.02.2021,48587
13.02.2021,47177
12.02.2021,47389
11.02.2021,47966
10.02.2021,44835
09.02.2021,46486
08.02.2021,46440
07.02.2021,38841
06.02.2021,39257
05.02.2021,38260
04.02.2021,36975
03.02.2021,37677
02.02.2021,35563
01.02.2021,33559
31.01.2021,33141
30.01.2021,34334
29.01.2021,34280.7
28.01.2021,33331
27.01.2021,30454
26.01.2021,32519
25.01.2021,32268.1
24.01.2021,32298
23.01.2021,32099
22.01.2021,33062
21.01.2021,30873
20.01.2021,35521.1
19.01.2021,35958
18.01.2021,36699
17.01.2021,35903
16.01.2021,36055
15.01.2021,36741
14.01.2021,39170
13.01.2021,37375
12.01.2021,34103
11.01.2021,35476
10.01.2021,38226
09.01.2021,40171
08.01.2021,40509
07.01.2021,39407
06.01.2021,36755
05.01.2021,33996
04.01.2021,32020
03.01.2021,32971
02.01.2021,32185
01.01.2021,29346
31.12.2020,28933
30.12.2020,28880
29.12.2020,27315
28.12.2020,27058
27.12.2020,26241
26.12.2020,26412
25.12.2020,24717
24.12.2020,23735
23.12.2020,23234
22.12.2020,23805
21.12.2020,22701
20.12.2020,23427
19.12.2020,23804
18.12.2020,23127
17.12.2020,22806.6
16.12.2020,21322
15.12.2020,19459
14.12.2020,19281
13.12.2020,19180
12.12.2020,18810.6
11.12.2020,18050
10.12.2020,18260
09.12.2020,18560
08.12.2020,18335
07.12.2020,19196
06.12.2020,19410
05.12.2020,19157
04.12.2020,18657
03.12.2020,19447
02.12.2020,19241
01.12.2020,18807
30.11.2020,19686
29.11.2020,18196
28.11.2020,17746
27.11.2020,17169.3
26.11.2020,17219
25.11.2020,18730
24.11.2020,19134.8
23.11.2020,18373
22.11.2020,18399
21.11.2020,18660
20.11.2020,18669
19.11.2020,17810
18.11.2020,17773
17.11.2020,17674.9
16.11.2020,16710
15.11.2020,15962.2
14.11.2020,16058.3
13.11.2020,16310
12.11.2020,16294
11.11.2020,15710
10.11.2020,15312
09.11.2020,15329
08.11.2020,15501
07.11.2020,14844.1
06.11.2020,15571.7
05.11.2020,15574
04.11.2020,14160
03.11.2020,14025
02.11.2020,13563
01.11.2020,13756
31.10.2020,13788
30.10.2020,13568
29.10.2020,13451
28.10.2020,13272
27.10.2020,13626.3
26.10.2020,13061
25.10.2020,13037
24.10.2020,13132
23.10.2020,12935
22.10.2020,12988
21.10.2020,12825
20.10.2020,11925
19.10.2020,11757
18.10.2020,11518
17.10.2020,11375
16.10.2020,11325
15.10.2020,11509
14.10.2020,11440
13.10.2020,11442
12.10.2020,11560
11.10.2020,11385
10.10.2020,11308
09.10.2020,11071
08.10.2020,10943
07.10.2020,10687
06.10.2020,10613.7
05.10.2020,10807
04.10.2020,10687
03.10.2020,10558.6
02.10.2020,10586
01.10.2020,10634
30.09.2020,10794
29.09.2020,10856
28.09.2020,10712
27.09.2020,10803
26.09.2020,10750
25.09.2020,10708
24.09.2020,10754
23.09.2020,10263
22.09.2020,10549
21.09.2020,10434
20.09.2020,10934.5
19.09.2020,11099
18.09.2020,10957.2
17.09.2020,10959
16.09.2020,10971.3
15.09.2020,10797
14.09.2020,10686
13.09.2020,10331
12.09.2020,10458
11.09.2020,10405
10.09.2020,10355
09.09.2020,10240
08.09.2020,10149.8
07.09.2020,10397
06.09.2020,10276
05.09.2020,10197
04.09.2020,10484.7
03.09.2020,10170
02.09.2020,11408
01.09.2020,11942
31.08.2020,11671
30.08.2020,11729.9
29.08.2020,11492
28.08.2020,11545
27.08.2020,11343
26.08.2020,11471
25.08.2020,11341
24.08.2020,11768
23.08.2020,11663
22.08.2020,11685
21.08.2020,11531
20.08.2020,11884
19.08.2020,11778
18.08.2020,11961.8
17.08.2020,12300
16.08.2020,11925
15.08.2020,11873.4
14.08.2020,11761
13.08.2020,11792.5
12.08.2020,11591
11.08.2020,11379.8
10.08.2020,11892
09.08.2020,11675.7
08.08.2020,11764
07.08.2020,11580
06.08.2020,11759
05.08.2020,11735.8
04.08.2020,11184
03.08.2020,11226.5
02.08.2020,11053.8
01.08.2020,11804.7
31.07.2020,11350
30.07.2020,11123
29.07.2020,11117
28.07.2020,10932
27.07.2020,11044
26.07.2020,9948.1
25.07.2020,9714.9
24.07.2020,9559.4
23.07.2020,9615
22.07.2020,9557.7
21.07.2020,9402
20.07.2020,9179.2
19.07.2020,9231.2
18.07.2020,9189.1
17.07.2020,9167.3
16.07.2020,9149.9
15.07.2020,9210.1
14.07.2020,9263.4
13.07.2020,9252
12.07.2020,9315.8
11.07.2020,9246.3
10.07.2020,9305.7
09.07.2020,9248.9
08.07.2020,9447
07.07.2020,9267.5
06.07.2020,9361
05.07.2020,9089.7
04.07.2020,9147.7
03.07.2020,9073.9
02.07.2020,9100
01.07.2020,9239.9
30.06.2020,9150.6
29.06.2020,9194.4
28.06.2020,9127.8
27.06.2020,9015.3
26.06.2020,9173.1
25.06.2020,9257
24.06.2020,9312.1
23.06.2020,9635.1
22.06.2020,9697.7
21.06.2020,9298.1
20.06.2020,9371.3
19.06.2020,9315.5
18.06.2020,9400
17.06.2020,9473.3
16.06.2020,9534.4
15.06.2020,9433.9
14.06.2020,9345.4
13.06.2020,9480.8
12.06.2020,9468.3
11.06.2020,9272.2
10.06.2020,9898.8
09.06.2020,9770.8
08.06.2020,9783.2
07.06.2020,9746.3
06.06.2020,9668.4
05.06.2020,9620.5
04.06.2020,9790.7
03.06.2020,9672
02.06.2020,9530
01.06.2020,10221
31.05.2020,9452.1
30.05.2020,9706.4
29.05.2020,9426.2
28.05.2020,9589.3
27.05.2020,9210.3
26.05.2020,8845.5
25.05.2020,8902
24.05.2020,8711.5
23.05.2020,9174.6
22.05.2020,9162.4
21.05.2020,9059.5
20.05.2020,9502
19.05.2020,9770.1
18.05.2020,9714.8
17.05.2020,9668.2
16.05.2020,9388
15.05.2020,9313.3
14.05.2020,9791
13.05.2020,9312
12.05.2020,8811.4
11.05.2020,8555
10.05.2020,8726
09.05.2020,9537.9
08.05.2020,9792.8
07.05.2020,9979.6
06.05.2020,9157.9
05.05.2020,9020.1
04.05.2020,8865.8
03.05.2020,8899.8
02.05.2020,8982.3
01.05.2020,8822.9
30.04.2020,8635.3
29.04.2020,8773.3
28.04.2020,7755.8
27.04.2020,7777.7
26.04.2020,7697.1
25.04.2020,7538.5
24.04.2020,7506.8
23.04.2020,7495.2
22.04.2020,7133
21.04.2020,6850
20.04.2020,6841.9
19.04.2020,7133.3
18.04.2020,7269.1
17.04.2020,7045.8
16.04.2020,7114.9
15.04.2020,6633.8
14.04.2020,6872.4
13.04.2020,6848.7
12.04.2020,6913
11.04.2020,6884.5
10.04.2020,6875.5
09.04.2020,7293.5
08.04.2020,7367
07.04.2020,7203
06.04.2020,7346
05.04.2020,6778
04.04.2020,6881.6
03.04.2020,6740.8
02.04.2020,6818.3
01.04.2020,6675
31.03.2020,6427.7
30.03.2020,6407.6
29.03.2020,5892.6
28.03.2020,6249.3
27.03.2020,6370
26.03.2020,6750.7
25.03.2020,6688.2
24.03.2020,6762
23.03.2020,6491.2
22.03.2020,5827
21.03.2020,6201.8
20.03.2020,6205.8
19.03.2020,6173.4
18.03.2020,5416.2
17.03.2020,5345.2
16.03.2020,5058.5
15.03.2020,5383.2
14.03.2020,5218.2
13.03.2020,5625.4
12.03.2020,4927
11.03.2020,7969.6
10.03.2020,7913.8
09.03.2020,7967.3
08.03.2020,8074
07.03.2020,8919
06.03.2020,9180.6
05.03.2020,9090.8
04.03.2020,8788.6
03.03.2020,8791.1
02.03.2020,8938.1
01.03.2020,8565.2
29.02.2020,8557.3
28.02.2020,8728
27.02.2020,8825.8
26.02.2020,8813.2
25.02.2020,9327.5
24.02.2020,9674.1
23.02.2020,9985
22.02.2020,9662.4
21.02.2020,9693.5
20.02.2020,9608.1
19.02.2020,9592.2
18.02.2020,10183
17.02.2020,9708
16.02.2020,9929.7
15.02.2020,9901
14.02.2020,10335
13.02.2020,10222
12.02.2020,10339
11.02.2020,10247
10.02.2020,9850.2
09.02.2020,10151
08.02.2020,9877.2
07.02.2020,9805.2
06.02.2020,9744.9
05.02.2020,9612
04.02.2020,9197.4
03.02.2020,9309.3
02.02.2020,9353.1
01.02.2020,9410.6
31.01.2020,9367.4
30.01.2020,9512.7
29.01.2020,9304.2
28.01.2020,9393.7
27.01.2020,8912
26.01.2020,8621.6
25.01.2020,8353.7
24.01.2020,8447.1
23.01.2020,8403.5
22.01.2020,8663.9
21.01.2020,8734.1
20.01.2020,8638.2
19.01.2020,8694
18.01.2020,8891.5
17.01.2020,8875.4
16.01.2020,8720.6
15.01.2020,8807.7
14.01.2020,8775.6
13.01.2020,8094.5
12.01.2020,8174.7
11.01.2020,8013.8
10.01.2020,8176.3
09.01.2020,7817.5
08.01.2020,8036.8
07.01.2020,8150
06.01.2020,7757.9
05.01.2020,7364.6
04.01.2020,7369.8
03.01.2020,7367.5
02.01.2020,6989.4
01.01.2020,7212.7
31.12.2019,7208.3
30.12.2019,7260.9
29.12.2019,7417.9
28.12.2019,7334.4
27.12.2019,7287
26.12.2019,7232.4
25.12.2019,7220.1
24.12.2019,7276.9
23.12.2019,7347.4
22.12.2019,7532
21.12.2019,7166.4
20.12.2019,7212.9
19.12.2019,7181.8
18.12.2019,7323.4
17.12.2019,6667.1
16.12.2019,6926.8
15.12.2019,7152.7
14.12.2019,7100.8
13.12.2019,7283.2
12.12.2019,7224
11.12.2019,7230.7
10.12.2019,7254.6
09.12.2019,7379.5
08.12.2019,7564.6
07.12.2019,7543.2
06.12.2019,7588.3
05.12.2019,7440
04.12.2019,7238.2
03.12.2019,7336
02.12.2019,7350.3
01.12.2019,7450.1
30.11.2019,7599.9
29.11.2019,7796.6
28.11.2019,7460.8
27.11.2019,7549.3
26.11.2019,7198.3
25.11.2019,7168
24.11.2019,6965.3
23.11.2019,7352.6
22.11.2019,7323
21.11.2019,7671.1
20.11.2019,8126.4
19.11.2019,8164.9
18.11.2019,8219.5
17.11.2019,8537.3
16.11.2019,8523.5
15.11.2019,8495.8
14.11.2019,8655.7
13.11.2019,8801.1
12.11.2019,8830
11.11.2019,8737.7
10.11.2019,9068.4
09.11.2019,8828
08.11.2019,8782.4
07.11.2019,9208
06.11.2019,9353
05.11.2019,9333.9
04.11.2019,9441.2
03.11.2019,9222.4
02.11.2019,9332.1
01.11.2019,9289.1
31.10.2019,9185.6
30.10.2019,9184.3
29.10.2019,9445.5
28.10.2019,9225.7
27.10.2019,9571.8
26.10.2019,9270.9
25.10.2019,8679.1
24.10.2019,7453
23.10.2019,7493.7
22.10.2019,8058.9
21.10.2019,8243.9
20.10.2019,8260.6
19.10.2019,7992.9
18.10.2019,7987.2
17.10.2019,8092.3
16.10.2019,8016
15.10.2019,8191.1
14.10.2019,8370
13.10.2019,8305.7
12.10.2019,8318.3
11.10.2019,8280
10.10.2019,8596
09.10.2019,8607.5
08.10.2019,8211.2
07.10.2019,8227
06.10.2019,7883.1
05.10.2019,8162.5
04.10.2019,8170
03.10.2019,8257.9
02.10.2019,8413.4
01.10.2019,8334.9
30.09.2019,8331.1
29.09.2019,8090
28.09.2019,8238.6
27.09.2019,8213.4
26.09.2019,8103.6
25.09.2019,8474.7
24.09.2019,8547.9
23.09.2019,9702.6
22.09.2019,10052
21.09.2019,10013
20.09.2019,10198
19.09.2019,10301
18.09.2019,10185
17.09.2019,10214.1
16.09.2019,10295
15.09.2019,10322
14.09.2019,10379
13.09.2019,10374
12.09.2019,10452
11.09.2019,10175
10.09.2019,10122
09.09.2019,10318
08.09.2019,10415
07.09.2019,10488
06.09.2019,10317
05.09.2019,10578.7
04.09.2019,10590
03.09.2019,10641
02.09.2019,10388
01.09.2019,9779.1
31.08.2019,9623.9
30.08.2019,9601
29.08.2019,9509
28.08.2019,9727.4
27.08.2019,10184
26.08.2019,10377
25.08.2019,10132
24.08.2019,10152
23.08.2019,10408
22.08.2019,10117
21.08.2019,10146
20.08.2019,10793
19.08.2019,10937
18.08.2019,10327
17.08.2019,10228
16.08.2019,10366
15.08.2019,10327
14.08.2019,10067
13.08.2019,10904
12.08.2019,11404
11.08.2019,11586
10.08.2019,11314
09.08.2019,11893
08.08.2019,12060
07.08.2019,11997
06.08.2019,11471.2
05.08.2019,11808
04.08.2019,10973
03.08.2019,10822
02.08.2019,10519
01.08.2019,10399
31.07.2019,10088
30.07.2019,9589
29.07.2019,9507
28.07.2019,9519
27.07.2019,9465.7
26.07.2019,9842.5
25.07.2019,9890.1
24.07.2019,9771
23.07.2019,9854.9
22.07.2019,10329
21.07.2019,10569.4
20.07.2019,10740
19.07.2019,10519
18.07.2019,10622
17.07.2019,9683.2
16.07.2019,9410
15.07.2019,10820
14.07.2019,10206.8
13.07.2019,11312
12.07.2019,11765
11.07.2019,11340
10.07.2019,12093
09.07.2019,12553
08.07.2019,12301
07.07.2019,11486
06.07.2019,11283
05.07.2019,10998
04.07.2019,11169
03.07.2019,11984
02.07.2019,10866
01.07.2019,10639
30.06.2019,10745
29.06.2019,11921
28.06.2019,12349
27.06.2019,11200
26.06.2019,12876
25.06.2019,11751
24.06.2019,11053
23.06.2019,10916
22.06.2019,10747.9
21.06.2019,10236
20.06.2019,9557.1
19.06.2019,9305.9
18.06.2019,9095.9
17.06.2019,9356
16.06.2019,8986
15.06.2019,8856
14.06.2019,8689.1
13.06.2019,8227.4
12.06.2019,8175.4
11.06.2019,7904.1
10.06.2019,8013.7
09.06.2019,7639.2
08.06.2019,7924.6
07.06.2019,7991.5
06.06.2019,7805.6
05.06.2019,7789.3
04.06.2019,7692.8
03.06.2019,8103.4
02.06.2019,8740
01.06.2019,8547
31.05.2019,8533.3
30.05.2019,8269.9
29.05.2019,8680.9
28.05.2019,8740.9
27.05.2019,8806
26.05.2019,8729.9
25.05.2019,8054.9
24.05.2019,7994.9
23.05.2019,7872.4
22.05.2019,7621.1
21.05.2019,7937
20.05.2019,7985
19.05.2019,8189.5
18.05.2019,7260
17.05.2019,7415.4
16.05.2019,7857
15.05.2019,8132.9
14.05.2019,7958.3
13.05.2019,7753.2
12.05.2019,6979.9
11.05.2019,7136.4
10.05.2019,6438.7
09.05.2019,6258.4
08.05.2019,6201
07.05.2019,6087.9
06.05.2019,6027.9
05.05.2019,6042
04.05.2019,6098.3
03.05.2019,6016
02.05.2019,5723.8
01.05.2019,5629.6
30.04.2019,5599.5
29.04.2019,5480.1
28.04.2019,5486.8
27.04.2019,5401.8
26.04.2019,5410.8
25.04.2019,5219
24.04.2019,5480.3
23.04.2019,5550.9
22.04.2019,5417.8
21.04.2019,5321.9
20.04.2019,5340
19.04.2019,5314
18.04.2019,5310.8
17.04.2019,5254.5
16.04.2019,5234.3
15.04.2019,5049.2
14.04.2019,5194.3
13.04.2019,5101.8
12.04.2019,5114
11.04.2019,5065.8
10.04.2019,5311.7
09.04.2019,5216.3
08.04.2019,5312.5
07.04.2019,5238.1
06.04.2019,5090.5
05.04.2019,5080.4
04.04.2019,4938.9
03.04.2019,4978
02.04.2019,4927.1
01.04.2019,4196.8
31.03.2019,4167.6
30.03.2019,4165.1
29.03.2019,4179
28.03.2019,4092.6
27.03.2019,4102.5
26.03.2019,3991.7
25.03.2019,3970
24.03.2019,4041.4
23.03.2019,4063.2
22.03.2019,4045.3
21.03.2019,4044.8
20.03.2019,4127.2
19.03.2019,4104.7
18.03.2019,4073.5
17.03.2019,4068.9
16.03.2019,4088
15.03.2019,4003.1
14.03.2019,3948.3
13.03.2019,3947.9
12.03.2019,3954.1
11.03.2019,3949
10.03.2019,4000
09.03.2019,4017.3
08.03.2019,3940.5
07.03.2019,3964.7
06.03.2019,3951.4
05.03.2019,3951.6
04.03.2019,3800
03.03.2019,3884.8
02.03.2019,3913
01.03.2019,3914
28.02.2019,3894
27.02.2019,3902.7
26.02.2019,3896.8
25.02.2019,3921.8
24.02.2019,3832
23.02.2019,4211.7
22.02.2019,4058.3
21.02.2019,4008.8
20.02.2019,4055
19.02.2019,3989.9
18.02.2019,3978.1
17.02.2019,3734.5
16.02.2019,3676.4
15.02.2019,3670
14.02.2019,3656.7
13.02.2019,3666.1
12.02.2019,3694.2
11.02.2019,3681.1
10.02.2019,3746.3
09.02.2019,3718.4
08.02.2019,3724
07.02.2019,3436.1
06.02.2019,3452
05.02.2019,3512.6
04.02.2019,3490.5
03.02.2019,3501.7
02.02.2019,3564.3
01.02.2019,3536.2
31.01.2019,3501.1
30.01.2019,3529.6
29.01.2019,3477.9
28.01.2019,3501.9
27.01.2019,3597.1
26.01.2019,3630.7
25.01.2019,3628.9
24.01.2019,3652.6
23.01.2019,3619.9
22.01.2019,3639.1
21.01.2019,3579.4
20.01.2019,3586.1
19.01.2019,3760
18.01.2019,3675.7
17.01.2019,3723
16.01.2019,3671.2
15.01.2019,3656.5
14.01.2019,3749.3
13.01.2019,3591
12.01.2019,3702
11.01.2019,3716.1
10.01.2019,3712.8
09.01.2019,4083.2
08.01.2019,4100
07.01.2019,4113.9
06.01.2019,4171.5
05.01.2019,3911
04.01.2019,3954.9
03.01.2019,3923.2
02.01.2019,4048.5
01.01.2019,3963
31.12.2018,3830.5
30.12.2018,3978.3
29.12.2018,3887
28.12.2018,4036.7
27.12.2018,3714.7
26.12.2018,3929.8
25.12.2018,3909.7
24.12.2018,4145.2
23.12.2018,4075.7
22.12.2018,4135
21.12.2018,3976.1
20.12.2018,4214.5
19.12.2018,3810
18.12.2018,3780.1
17.12.2018,3625.1
16.12.2018,3299.9
15.12.2018,3285.1
14.12.2018,3282.8
13.12.2018,3354.4
12.12.2018,3535.6
11.12.2018,3435.3
10.12.2018,3524.9
09.12.2018,3639.6
08.12.2018,3506
07.12.2018,3460
06.12.2018,3531.3
05.12.2018,3765.3
04.12.2018,3981.9
03.12.2018,3901.2
02.12.2018,4159.7
01.12.2018,4243
30.11.2018,4038.3
29.11.2018,4312.9
28.11.2018,4306.3
27.11.2018,3884.4
26.11.2018,3858
25.11.2018,4087.8
24.11.2018,3929.8
23.11.2018,4422.7
22.11.2018,4392.4
21.11.2018,4666.6
20.11.2018,4600.1
19.11.2018,4938.1
18.11.2018,5659.4
17.11.2018,5626.7
16.11.2018,5660.5
15.11.2018,5753.4
14.11.2018,5884.6
13.11.2018,6464.4
12.11.2018,6446.9
11.11.2018,6450
10.11.2018,6431.1
09.11.2018,6420.2
08.11.2018,6479.6
07.11.2018,6572.7
06.11.2018,6515.2
05.11.2018,6470.1
04.11.2018,6485.2
03.11.2018,6387.9
02.11.2018,6426.9
01.11.2018,6399.7
31.10.2018,6368.4
30.10.2018,6330.1
29.10.2018,6344
28.10.2018,6490.1
27.10.2018,6500.2
26.10.2018,6531.5
25.10.2018,6528.1
24.10.2018,6554.1
23.10.2018,6550
22.10.2018,6567.2
21.10.2018,6591.6
20.10.2018,6586.7
19.10.2018,6527.3
18.10.2018,6613
17.10.2018,6737.1
16.10.2018,6754.1
15.10.2018,6742
14.10.2018,6335.2
13.10.2018,6326.5
12.10.2018,6293.2
11.10.2018,6252
10.10.2018,6630.2
09.10.2018,6663
08.10.2018,6673.2
07.10.2018,6601
06.10.2018,6592
05.10.2018,6644.7
04.10.2018,6580.1
03.10.2018,6503.2
02.10.2018,6533.3
01.10.2018,6601.9
30.09.2018,6618.1
29.09.2018,6604.6
28.09.2018,6635.1
27.09.2018,6692.5
26.09.2018,6462.4
25.09.2018,6434.7
24.09.2018,6585
23.09.2018,6710
22.09.2018,6723
21.09.2018,6762.7
20.09.2018,6500.5
19.09.2018,6390.9
18.09.2018,6342.8
17.09.2018,6254.2
16.09.2018,6498.5
15.09.2018,6513.6
14.09.2018,6485
13.09.2018,6475.6
12.09.2018,6332
11.09.2018,6290.8
10.09.2018,6308
09.09.2018,6239.9
08.09.2018,6185
07.09.2018,6404.1
06.09.2018,6515.6
05.09.2018,6710.5
04.09.2018,7358.9
03.09.2018,7268
02.09.2018,7290.4
01.09.2018,7197.5
31.08.2018,7025.9
30.08.2018,6994.7
29.08.2018,7045.7
28.08.2018,7079.7
27.08.2018,6909.5
26.08.2018,6708.4
25.08.2018,6732.9
24.08.2018,6695.9
23.08.2018,6527.2
22.08.2018,6354.9
21.08.2018,6479.1
20.08.2018,6255.9
19.08.2018,6485.1
18.08.2018,6391.2
17.08.2018,6583.3
16.08.2018,6314
15.08.2018,6270.1
14.08.2018,6189
13.08.2018,6251.9
12.08.2018,6313.9
11.08.2018,6232.7
10.08.2018,6146.8
09.08.2018,6529.1
08.08.2018,6279.2
07.08.2018,6720.5
06.08.2018,6941.3
05.08.2018,7025.8
04.08.2018,7013.2
03.08.2018,7420
02.08.2018,7535.2
01.08.2018,7608.8
31.07.2018,7730.6
30.07.2018,8179.6
29.07.2018,8221
28.07.2018,8246.4
27.07.2018,8185.7
26.07.2018,7939
25.07.2018,8176
24.07.2018,8394.5
23.07.2018,7719.8
22.07.2018,7400.5
21.07.2018,7403.3
20.07.2018,7333.1
19.07.2018,7473.5
18.07.2018,7379.4
17.07.2018,7319.8
16.07.2018,6729.2
15.07.2018,6347.2
14.07.2018,6250.1
13.07.2018,6220
12.07.2018,6249
11.07.2018,6377.8
10.07.2018,6301.5
09.07.2018,6666.7
08.07.2018,6707
07.07.2018,6761.7
06.07.2018,6602.1
05.07.2018,6540.2
04.07.2018,6590
03.07.2018,6500
02.07.2018,6581.3
01.07.2018,6349.7
30.06.2018,6391.5
29.06.2018,6208.1
28.06.2018,5850
27.06.2018,6133.1
26.06.2018,6078.5
25.06.2018,6246.6
24.06.2018,6148
23.06.2018,6152
22.06.2018,6042.6
21.06.2018,6713.5
20.06.2018,6760.4
19.06.2018,6737.5
18.06.2018,6709.2
17.06.2018,6435.7
16.06.2018,6485.9
15.06.2018,6385
14.06.2018,6633.7
13.06.2018,6295.2
12.06.2018,6543.9
11.06.2018,6873.3
10.06.2018,6757.3
09.06.2018,7498.6
08.06.2018,7615.1
07.06.2018,7688.9
06.06.2018,7654
05.06.2018,7621.7
04.06.2018,7488.3
03.06.2018,7718
02.06.2018,7638.1
01.06.2018,7521
31.05.2018,7485.8
30.05.2018,7375.1
29.05.2018,7460
28.05.2018,7097.9
27.05.2018,7339.7
26.05.2018,7330.3
25.05.2018,7458
24.05.2018,7576.7
23.05.2018,7494.8
22.05.2018,7977.3
21.05.2018,8393.4
20.05.2018,8523.7
19.05.2018,8232.3
18.05.2018,8239
17.05.2018,8051.8
16.05.2018,8336.1
15.05.2018,8467.5
14.05.2018,8670.8
13.05.2018,8683.6
12.05.2018,8462.7
11.05.2018,8412.4
10.05.2018,9018.7
09.05.2018,9318.2
08.05.2018,9184.7
07.05.2018,9370
06.05.2018,9658.7
05.05.2018,9859.6
04.05.2018,9702.8
03.05.2018,9762.1
02.05.2018,9236.4
01.05.2018,9067
30.04.2018,9240
29.04.2018,9398.6
28.04.2018,9345.3
27.04.2018,8920.1
26.04.2018,9279.3
25.04.2018,8878.4
24.04.2018,9644.4
23.04.2018,8940
22.04.2018,8800
21.04.2018,8919.1
20.04.2018,8866.1
19.04.2018,8272.8
18.04.2018,8166.3
17.04.2018,7889.9
16.04.2018,8056.2
15.04.2018,8354.1
14.04.2018,8002.9
13.04.2018,7885.8
12.04.2018,7912
11.04.2018,6943.1
10.04.2018,6839.3
09.04.2018,6764.6
08.04.2018,7023.9
07.04.2018,6892.6
06.04.2018,6610.2
05.04.2018,6765
04.04.2018,6785.9
03.04.2018,7405.6
02.04.2018,7052.7
01.04.2018,6810
31.03.2018,6925.3
30.03.2018,6840.4
29.03.2018,7094
28.03.2018,7936.1
27.03.2018,7784.5
26.03.2018,8119.1
25.03.2018,8445.1
24.03.2018,8535
23.03.2018,8908
22.03.2018,8706.4
21.03.2018,8900.1
20.03.2018,8899.7
19.03.2018,8600.1
18.03.2018,8200.2
17.03.2018,7851
16.03.2018,8251
15.03.2018,8252.9
14.03.2018,8186.6
13.03.2018,9135
12.03.2018,9121
11.03.2018,9528
10.03.2018,8762
09.03.2018,9217
08.03.2018,9300
07.03.2018,9902.9
06.03.2018,10720
05.03.2018,11416
04.03.2018,11501
03.03.2018,11440
02.03.2018,11025
01.03.2018,10925
28.02.2018,10315
27.02.2018,10569
26.02.2018,10321
25.02.2018,9557.4
24.02.2018,9666.3
23.02.2018,10145
22.02.2018,9830
21.02.2018,10455
20.02.2018,11218
19.02.2018,11173
18.02.2018,10372
17.02.2018,11053.5
16.02.2018,10162
15.02.2018,9996.9
14.02.2018,9455.4
13.02.2018,8515.9
12.02.2018,8900.6
11.02.2018,8069
10.02.2018,8563.1
09.02.2018,8683.2
08.02.2018,8235.1
07.02.2018,7587
06.02.2018,7673.8
05.02.2018,6949.9
04.02.2018,8200
03.02.2018,9219.4
02.02.2018,8895.8
01.02.2018,9181.1
31.01.2018,10284
30.01.2018,10175
29.01.2018,11212
28.01.2018,11839
27.01.2018,11461
26.01.2018,11070
25.01.2018,11146
24.01.2018,11414
23.01.2018,10819
22.01.2018,10771
21.01.2018,11514
20.01.2018,12728
19.01.2018,11476
18.01.2018,11045
17.01.2018,11082
16.01.2018,11072
15.01.2018,13575
14.01.2018,13558
13.01.2018,14191
12.01.2018,13783
11.01.2018,13266
10.01.2018,14896
09.01.2018,14423
08.01.2018,14930
07.01.2018,16196
06.01.2018,17161
05.01.2018,16917
04.01.2018,15160
03.01.2018,15155
02.01.2018,14709.8
01.01.2018,13354
31.12.2017,13800
30.12.2017,12377
29.12.2017,14317
28.12.2017,14315
27.12.2017,15374
26.12.2017,15679
25.12.2017,13623
24.12.2017,13476
23.12.2017,14035
22.12.2017,13170
21.12.2017,15666.8
20.12.2017,16425
19.12.2017,17345
18.12.2017,18934
17.12.2017,18971
16.12.2017,19187
15.12.2017,17522
14.12.2017,16383
13.12.2017,16181
12.12.2017,16967
11.12.2017,16754
10.12.2017,14997
09.12.2017,14660
08.12.2017,15869
07.12.2017,16601
06.12.2017,13527
05.12.2017,11595
04.12.2017,11595
03.12.2017,11157
02.12.2017,10881
01.12.2017,10869
30.11.2017,9907
29.11.2017,9749.4
28.11.2017,9898
27.11.2017,9728.8
26.11.2017,9316
25.11.2017,8766.2
24.11.2017,8191.6
23.11.2017,7977.1
22.11.2017,8230.1
21.11.2017,8097.3
20.11.2017,8245.1
19.11.2017,8054.2
18.11.2017,7773.3
17.11.2017,7677.9
16.11.2017,7864.2
15.11.2017,7278.3
14.11.2017,6579.2
13.11.2017,6474.6
12.11.2017,5822.1
11.11.2017,6300.7
10.11.2017,6542.2
09.11.2017,7126.2
08.11.2017,7442.4
07.11.2017,7103.3
06.11.2017,6955
05.11.2017,7382
04.11.2017,7369
03.11.2017,7278.4
02.11.2017,7019.9
01.11.2017,6727.3
31.10.2017,6458.3
30.10.2017,6125.3
29.10.2017,6156
28.10.2017,5720.6
27.10.2017,5759.6
26.10.2017,5890
25.10.2017,5720
24.10.2017,5509.5
23.10.2017,5906.9
22.10.2017,5980.5
21.10.2017,6005.1
20.10.2017,5984.5
19.10.2017,5694
18.10.2017,5565
17.10.2017,5597.1
16.10.2017,5764.4
15.10.2017,5698.6
14.10.2017,5835
13.10.2017,5636.8
12.10.2017,5428.5
11.10.2017,4824.9
10.10.2017,4777
09.10.2017,4782.3
08.10.2017,4613.1
07.10.2017,4436
06.10.2017,4371
05.10.2017,4315.4
04.10.2017,4215.1
03.10.2017,4311.1
02.10.2017,4400.1
01.10.2017,4404.3
30.09.2017,4367
29.09.2017,4169.9
28.09.2017,4190
27.09.2017,4205.4
26.09.2017,3879.1
25.09.2017,3930
24.09.2017,3652.8
23.09.2017,3779.6
22.09.2017,3598.5
21.09.2017,3603.4
20.09.2017,3873.2
19.09.2017,3900
18.09.2017,4084.1
17.09.2017,3666.3
16.09.2017,3685.4
15.09.2017,3698
14.09.2017,3238.1
13.09.2017,3849.7
12.09.2017,4142.9
11.09.2017,4203
10.09.2017,4232.1
09.09.2017,4317.9
08.09.2017,4305.8
07.09.2017,4613.5
06.09.2017,4589.1
05.09.2017,4374.9
04.09.2017,4200.4
03.09.2017,4595
02.09.2017,4534.4
01.09.2017,4904.9
31.08.2017,4718.2
30.08.2017,4569
29.08.2017,4587.1
28.08.2017,4383.8
27.08.2017,4331.8
26.08.2017,4341.7
25.08.2017,4351.5
24.08.2017,4325.2
23.08.2017,4129.1
22.08.2017,4074
21.08.2017,4002.5
20.08.2017,4064.3
19.08.2017,4145.1
18.08.2017,4090.2
17.08.2017,4260
16.08.2017,4386.3
15.08.2017,4151.9
14.08.2017,4319.5
13.08.2017,4053.3
12.08.2017,3865.5
11.08.2017,3644.1
10.08.2017,3407.9
09.08.2017,3339.9
08.08.2017,3415
07.08.2017,3396.7
06.08.2017,3227.9
05.08.2017,3256.4
04.08.2017,2860
03.08.2017,2790.3
02.08.2017,2702
01.08.2017,2731.2
31.07.2017,2856
30.07.2017,2749
29.07.2017,2714.1
28.07.2017,2784.8
27.07.2017,2664.9
26.07.2017,2525.7
25.07.2017,2560.9
24.07.2017,2769.7
23.07.2017,2747.5
22.07.2017,2845.7
21.07.2017,2664
20.07.2017,2856.3
19.07.2017,2253.1
18.07.2017,2302.1
17.07.2017,2219
16.07.2017,1924.9
15.07.2017,1978.6
14.07.2017,2205.1
13.07.2017,2329
12.07.2017,2374.4
11.07.2017,2282.1
10.07.2017,2318.3
09.07.2017,2478
08.07.2017,2542
07.07.2017,2479.3
06.07.2017,2593.1
05.07.2017,2598.5
04.07.2017,2582.6
03.07.2017,2524
02.07.2017,2445
01.07.2017,2349.5
30.06.2017,2420.7
29.06.2017,2470.1
28.06.2017,2518.2
27.06.2017,2521.2
26.06.2017,2394.6
25.06.2017,2477.7
24.06.2017,2502.6
23.06.2017,2674.9
22.06.2017,2672.8
21.06.2017,2621.2
20.06.2017,2712.2
19.06.2017,2580.8
18.06.2017,2491.5
17.06.2017,2610
16.06.2017,2437
15.06.2017,2377.4
14.06.2017,2395
13.06.2017,2676.4
12.06.2017,2571.8
11.06.2017,2936.3
10.06.2017,2806
09.06.2017,2809
08.06.2017,2782.1
07.06.2017,2642.6
06.06.2017,2843.6
05.06.2017,2636.2
04.06.2017,2488.2
03.06.2017,2461
02.06.2017,2405.9
01.06.2017,2311.6
31.05.2017,2191.8
30.05.2017,2146.7
29.05.2017,2207.4
28.05.2017,2056.6
27.05.2017,1972.3
26.05.2017,2127.3
25.05.2017,2252
24.05.2017,2394.8
23.05.2017,2249.3
22.05.2017,2085.5
21.05.2017,2029.2
20.05.2017,2059.7
19.05.2017,1966.5
18.05.2017,1941.5
17.05.2017,1870
16.05.2017,1785.7
15.05.2017,1772.5
14.05.2017,1828.1
13.05.2017,1820.4
12.05.2017,1735
11.05.2017,1853.9
10.05.2017,1796.8
09.05.2017,1760
08.05.2017,1703.2
07.05.2017,1619.9
06.05.2017,1597.1
05.05.2017,1545.1
04.05.2017,1607.1
03.05.2017,1617.8
02.05.2017,1560
01.05.2017,1533.1
30.04.2017,1435.2
29.04.2017,1423.6
28.04.2017,1415.6
27.04.2017,1440.3
26.04.2017,1399.3
25.04.2017,1370.3
24.04.2017,1345
23.04.2017,1355.2
22.04.2017,1347.5
21.04.2017,1325.6
20.04.2017,1308.4
19.04.2017,1260.5
18.04.2017,1265.4
17.04.2017,1240
16.04.2017,1212
15.04.2017,1193.3
14.04.2017,1206.8
13.04.2017,1187
12.04.2017,1227.4
11.04.2017,1235.6
10.04.2017,1220.3
09.04.2017,1215.9
08.04.2017,1188.1
07.04.2017,1196.6
06.04.2017,1191.5
05.04.2017,1140.6
04.04.2017,1145
03.04.2017,1150.2
02.04.2017,1107.6
01.04.2017,1093.2
31.03.2017,1081.7
30.03.2017,1041
29.03.2017,1041.8
28.03.2017,1044.7
27.03.2017,1042.7
26.03.2017,969
25.03.2017,972.2
24.03.2017,943.1
23.03.2017,1033
22.03.2017,1039.1
21.03.2017,1115
20.03.2017,1039
19.03.2017,1016.1
18.03.2017,971
17.03.2017,1068.4
16.03.2017,1169
15.03.2017,1256.1
14.03.2017,1245
13.03.2017,1238.5
12.03.2017,1225.2
11.03.2017,1172.8
10.03.2017,1113.6
09.03.2017,1190.4
08.03.2017,1149.3
07.03.2017,1232.4
06.03.2017,1279.3
05.03.2017,1278.4
04.03.2017,1267.8
03.03.2017,1288.2
02.03.2017,1262.3
01.03.2017,1232.8
28.02.2017,1189.1
27.02.2017,1195.5
26.02.2017,1178.3
25.02.2017,1153
24.02.2017,1185.1
23.02.2017,1190.9
22.02.2017,1125.3
21.02.2017,1129.6
20.02.2017,1091.2
19.02.2017,1056.2
18.02.2017,1059.8
17.02.2017,1056.2
16.02.2017,1038.4
15.02.2017,1013.8
14.02.2017,1013.7
13.02.2017,996.5
12.02.2017,996
11.02.2017,1000.3
10.02.2017,992
09.02.2017,985
08.02.2017,1048.8
07.02.2017,1052.1
06.02.2017,1022.6
05.02.2017,1006.6
04.02.2017,1031.1
03.02.2017,1015.7
02.02.2017,1005.7
01.02.2017,983.7
31.01.2017,966.2
30.01.2017,917.4
29.01.2017,912.6
28.01.2017,919.4
27.01.2017,916.7
26.01.2017,915.1
25.01.2017,893.3
24.01.2017,886.1
23.01.2017,910
22.01.2017,923.7
21.01.2017,924
20.01.2017,896
19.01.2017,900.3
18.01.2017,887.8
17.01.2017,904
16.01.2017,830.1
15.01.2017,820.7
14.01.2017,815.3
13.01.2017,828.1
12.01.2017,804.6
11.01.2017,778.6
10.01.2017,905.8
09.01.2017,903
08.01.2017,915.9
07.01.2017,908.8
06.01.2017,898
05.01.2017,1003.2
04.01.2017,1139.6
03.01.2017,1037.5
02.01.2017,1019.3
01.01.2017,999
31.12.2016,966.6
30.12.2016,959.3
29.12.2016,972.6
28.12.2016,981.7
27.12.2016,936.3
26.12.2016,906.4
25.12.2016,898
24.12.2016,895.2
23.12.2016,919
22.12.2016,859.2
21.12.2016,830
20.12.2016,798
19.12.2016,790.6
18.12.2016,790.2
17.12.2016,791
16.12.2016,784.2
15.12.2016,777.4
14.12.2016,774.5
13.12.2016,775
12.12.2016,778
11.12.2016,770.2
10.12.2016,772.9
09.12.2016,770.5
08.12.2016,765
07.12.2016,765
06.12.2016,757.4
05.12.2016,750.6
04.12.2016,768.5
03.12.2016,765.3
02.12.2016,774.9
01.12.2016,755.4
30.11.2016,739
29.11.2016,731
28.11.2016,731.5
27.11.2016,725
26.11.2016,731.2
25.11.2016,740.4
24.11.2016,737.7
23.11.2016,742
22.11.2016,750
21.11.2016,739
20.11.2016,729.7
19.11.2016,752.9
18.11.2016,754
17.11.2016,740.7
16.11.2016,745
15.11.2016,712.2
14.11.2016,707.4
13.11.2016,708.1
12.11.2016,703.8
11.11.2016,714.8
10.11.2016,714.9
09.11.2016,723.8
08.11.2016,714
07.11.2016,707.8
06.11.2016,713
05.11.2016,708.4
04.11.2016,708.4
03.11.2016,690.1
02.11.2016,737.9
01.11.2016,734.2
31.10.2016,704.1
30.10.2016,702.5
29.10.2016,714.5
28.10.2016,693.5
27.10.2016,688.7
26.10.2016,678.7
25.10.2016,659.5
24.10.2016,654.7
23.10.2016,659
22.10.2016,665
21.10.2016,636.7
20.10.2016,632.5
19.10.2016,631.8
18.10.2016,638.8
17.10.2016,639.8
16.10.2016,644.2
15.10.2016,640.2
14.10.2016,643
13.10.2016,637
12.10.2016,637.6
11.10.2016,641.7
10.10.2016,618.9
09.10.2016,616.6
08.10.2016,620.5
07.10.2016,620.1
06.10.2016,613.5
05.10.2016,614.1
04.10.2016,611
03.10.2016,612.6
02.10.2016,609.1
01.10.2016,614.1
30.09.2016,611.1
29.09.2016,604.6
28.09.2016,603.8
27.09.2016,605.5
26.09.2016,609.1
25.09.2016,600.4
24.09.2016,602.5
23.09.2016,603.3
22.09.2016,597.1
21.09.2016,597.4
20.09.2016,600
19.09.2016,609.8
18.09.2016,613
17.09.2016,607.7
16.09.2016,610
15.09.2016,611.8
14.09.2016,613.9
13.09.2016,614.2
12.09.2016,611.6
11.09.2016,612.1
10.09.2016,628
09.09.2016,626.3
08.09.2016,631.7
07.09.2016,619.8
06.09.2016,615.2
05.09.2016,611.5
04.09.2016,614.5
03.09.2016,609.9
02.09.2016,579.8
01.09.2016,572.7
31.08.2016,576.2
30.08.2016,579.5
29.08.2016,574.8
28.08.2016,574.2
27.08.2016,568.5
26.08.2016,578
25.08.2016,577.2
24.08.2016,580.3
23.08.2016,583.5
22.08.2016,588
21.08.2016,581.4
20.08.2016,582
19.08.2016,573.5
18.08.2016,572.2
17.08.2016,571.8
16.08.2016,574.2
15.08.2016,564.6
14.08.2016,569.4
13.08.2016,583.7
12.08.2016,585.5
11.08.2016,591.3
10.08.2016,590.3
09.08.2016,604.1
08.08.2016,604.1
07.08.2016,604.1
06.08.2016,604.1
05.08.2016,604.1
04.08.2016,604.1
03.08.2016,604.1
02.08.2016,604
01.08.2016,608
31.07.2016,623.7
30.07.2016,655
29.07.2016,658.3
27.07.2016,654.5
26.07.2016,648.5
25.07.2016,654.2
24.07.2016,661.8
23.07.2016,654
22.07.2016,648
21.07.2016,665
20.07.2016,665.8
19.07.2016,675
18.07.2016,674.3
17.07.2016,683.2
16.07.2016,665.3
15.07.2016,665.5
14.07.2016,659.8
13.07.2016,653.7
12.07.2016,667.2
11.07.2016,648
10.07.2016,649.7
09.07.2016,648.1
08.07.2016,664.8
07.07.2016,640.5
06.07.2016,677
05.07.2016,667.8
04.07.2016,681.3
03.07.2016,659.3
02.07.2016,705
01.07.2016,674.8
30.06.2016,674.7
29.06.2016,639.7
28.06.2016,646.3
27.06.2016,662.2
26.06.2016,627.4
25.06.2016,664.9
24.06.2016,666
23.06.2016,625.8
22.06.2016,606
21.06.2016,668.9
20.06.2016,743.9
19.06.2016,767.3
18.06.2016,757.6
17.06.2016,748.7
16.06.2016,769.5
15.06.2016,696.9
14.06.2016,684.5
13.06.2016,705.9
12.06.2016,671
11.06.2016,614.5
10.06.2016,580.1
09.06.2016,575.5
08.06.2016,583
07.06.2016,576.9
06.06.2016,585.2
05.06.2016,574
04.06.2016,572.7
03.06.2016,570.9
02.06.2016,538.8
01.06.2016,536.8
31.05.2016,530.7
30.05.2016,532.9
29.05.2016,531
28.05.2016,527
27.05.2016,472
26.05.2016,454
25.05.2016,449.1
24.05.2016,445
23.05.2016,443.7
22.05.2016,437.5
21.05.2016,440.8
20.05.2016,441.6
19.05.2016,435
18.05.2016,453.5
17.05.2016,453.2
16.05.2016,453
15.05.2016,457.9
14.05.2016,455.8
13.05.2016,455.8
12.05.2016,455
11.05.2016,452.3
10.05.2016,450.7
09.05.2016,461.6
08.05.2016,459.9
07.05.2016,460.2
06.05.2016,461.2
05.05.2016,448.4
04.05.2016,447.4
03.05.2016,450.4
02.05.2016,443.7
01.05.2016,451.1
30.04.2016,446.6
29.04.2016,455.3
28.04.2016,450.5
27.04.2016,445.1
26.04.2016,468.1
25.04.2016,461.8
24.04.2016,463
23.04.2016,453.7
22.04.2016,447.8
21.04.2016,452
20.04.2016,444
19.04.2016,437.8
18.04.2016,430
17.04.2016,428.5
16.04.2016,432
15.04.2016,431.5
14.04.2016,426
13.04.2016,424.8
12.04.2016,426.6
11.04.2016,423.7
10.04.2016,421.3
09.04.2016,418.5
08.04.2016,418.5
07.04.2016,422.3
06.04.2016,422.6
05.04.2016,423.8
04.04.2016,420.5
03.04.2016,420.6
02.04.2016,420.3
01.04.2016,417.6
31.03.2016,416
30.03.2016,413.2
29.03.2016,415.8
28.03.2016,424.1
27.03.2016,427.4
26.03.2016,416.7
25.03.2016,416
24.03.2016,415.3
23.03.2016,418.1
22.03.2016,417.7
21.03.2016,411.9
20.03.2016,411.3
19.03.2016,408.4
18.03.2016,407.7
17.03.2016,418.8
16.03.2016,417.3
15.03.2016,415.5
14.03.2016,416
13.03.2016,411.8
12.03.2016,410
11.03.2016,420.5
10.03.2016,416.5
09.03.2016,412.9
08.03.2016,411.4
07.03.2016,412.7
06.03.2016,403.9
05.03.2016,397.4
04.03.2016,408.8
03.03.2016,420.6
02.03.2016,422.2
01.03.2016,434.8
29.02.2016,439.2
28.02.2016,434.5
27.02.2016,434.2
26.02.2016,435.3
25.02.2016,424.9
24.02.2016,426.4
23.02.2016,421.1
22.02.2016,440.3
21.02.2016,440.5
20.02.2016,438.7
19.02.2016,420
18.02.2016,421.5
17.02.2016,414.9
16.02.2016,407.3
15.02.2016,399.9
14.02.2016,408.3
13.02.2016,393
12.02.2016,383
11.02.2016,378
10.02.2016,380.9
09.02.2016,374
08.02.2016,370.5
07.02.2016,372
06.02.2016,373.8
05.02.2016,386.5
04.02.2016,389.8
03.02.2016,369
02.02.2016,372.9
01.02.2016,371.4
31.01.2016,365.5
30.01.2016,377
29.01.2016,377.6
28.01.2016,378.4
27.01.2016,395
26.01.2016,391.3
25.01.2016,391
24.01.2016,402.8
23.01.2016,385.6
22.01.2016,381
21.01.2016,411
20.01.2016,419.4
19.01.2016,379
18.01.2016,387
17.01.2016,382.1
16.01.2016,388.4
15.01.2016,358.9
14.01.2016,429.3
13.01.2016,431.1
12.01.2016,432
11.01.2016,449.3
10.01.2016,449.4
09.01.2016,449.2
08.01.2016,454
07.01.2016,459
06.01.2016,428
05.01.2016,431.8
04.01.2016,432.9
03.01.2016,428.7
02.01.2016,432.7
01.01.2016,434
31.12.2015,429
30.12.2015,424.7
29.12.2015,431.9
28.12.2015,420.2
27.12.2015,422.4
26.12.2015,416.5
25.12.2015,455.5
24.12.2015,456.1
23.12.2015,442.6
22.12.2015,435.6
21.12.2015,437.9
20.12.2015,442.6
19.12.2015,462.5
18.12.2015,463.5
17.12.2015,455.8
16.12.2015,455
15.12.2015,466.5
14.12.2015,442.6
13.12.2015,433
12.12.2015,435.7
11.12.2015,456.3
10.12.2015,414.9
09.12.2015,418.7
08.12.2015,420.8
07.12.2015,396.7
06.12.2015,390.6
05.12.2015,390
04.12.2015,363.2
03.12.2015,360.7
02.12.2015,359.1
01.12.2015,362.7
30.11.2015,376.9
29.11.2015,373.3
28.11.2015,358.7
27.11.2015,358.9
26.11.2015,354
25.11.2015,329.9
24.11.2015,320.1
23.11.2015,323.6
22.11.2015,324.7
21.11.2015,327.5
20.11.2015,322.2
19.11.2015,326.5
18.11.2015,336
17.11.2015,336.3
16.11.2015,332.1
15.11.2015,321.1
14.11.2015,333.4
13.11.2015,338.5
12.11.2015,336.6
11.11.2015,314
10.11.2015,340.2
09.11.2015,381
08.11.2015,374
07.11.2015,384.6
06.11.2015,375.6
05.11.2015,388
04.11.2015,409.2
03.11.2015,405.3
02.11.2015,365
01.11.2015,330.7
31.10.2015,316
30.10.2015,328.2
29.10.2015,314.9
28.10.2015,304.5
27.10.2015,295.2
26.10.2015,287.2
25.10.2015,284.8
24.10.2015,284.2
23.10.2015,279.2
22.10.2015,275.8
21.10.2015,267.8
20.10.2015,271
19.10.2015,265
18.10.2015,265
17.10.2015,272.9
16.10.2015,263.5
15.10.2015,255.2
14.10.2015,253.5
13.10.2015,251.3
12.10.2015,246.1
11.10.2015,247.9
10.10.2015,246
09.10.2015,244.8
08.10.2015,243
07.10.2015,244.2
06.10.2015,247.4
05.10.2015,242
04.10.2015,239.5
03.10.2015,239.8
02.10.2015,237.9
01.10.2015,238.5
30.09.2015,236.5
29.09.2015,236.8
28.09.2015,240.4
27.09.2015,233.4
26.09.2015,234.6
25.09.2015,235.3
24.09.2015,234.6
23.09.2015,230.5
22.09.2015,231.3
21.09.2015,227.2
20.09.2015,232.1
19.09.2015,232.1
18.09.2015,233.8
17.09.2015,233.6
16.09.2015,229
15.09.2015,230.9
14.09.2015,230.9
13.09.2015,231
12.09.2015,235.8
11.09.2015,240.6
10.09.2015,239.5
09.09.2015,238.9
08.09.2015,244.2
07.09.2015,240.9
06.09.2015,241
05.09.2015,235.8
04.09.2015,230.9
03.09.2015,227.3
02.09.2015,229.7
01.09.2015,228.2
31.08.2015,231.4
30.08.2015,230
29.08.2015,230.8
28.08.2015,231.8
27.08.2015,225.8
26.08.2015,226.2
25.08.2015,222.7
24.08.2015,210.5
23.08.2015,228.5
22.08.2015,230.3
21.08.2015,232.2
20.08.2015,235.5
19.08.2015,226.2
18.08.2015,183
17.08.2015,258.5
16.08.2015,259.9
15.08.2015,262.1
14.08.2015,266.1
13.08.2015,264.5
12.08.2015,267.1
11.08.2015,272
10.08.2015,265.1
09.08.2015,265.6
08.08.2015,261.3
07.08.2015,280.1
06.08.2015,279.1
05.08.2015,282.6
04.08.2015,285.5
03.08.2015,281.3
02.08.2015,282.5
01.08.2015,280.3
31.07.2015,284.5
30.07.2015,288.2
29.07.2015,289.9
28.07.2015,295.2
27.07.2015,294.8
26.07.2015,293
25.07.2015,289.4
24.07.2015,288.6
23.07.2015,276.5
22.07.2015,278
21.07.2015,275.8
20.07.2015,280.3
19.07.2015,275
18.07.2015,277.3
17.07.2015,279.9
16.07.2015,278.9
15.07.2015,285.4
14.07.2015,286.9
13.07.2015,292.6
12.07.2015,311.1
10.07.2015,286.7
09.07.2015,269.2
08.07.2015,270.8
07.07.2015,265.5
06.07.2015,274.8
05.07.2015,265.2
04.07.2015,260.6
03.07.2015,256
02.07.2015,254.5
01.07.2015,258.1
30.06.2015,262.9
29.06.2015,256.7
28.06.2015,248.7
27.06.2015,251.6
26.06.2015,243.3
25.06.2015,242.1
24.06.2015,239.8
23.06.2015,244.3
22.06.2015,246.7
21.06.2015,244.3
20.06.2015,245.4
19.06.2015,244.6
18.06.2015,249.5
17.06.2015,248.9
16.06.2015,252.1
15.06.2015,237
14.06.2015,233.5
13.06.2015,232.9
12.06.2015,229.4
11.06.2015,229.8
10.06.2015,228.6
09.06.2015,229.1
08.06.2015,228.8
07.06.2015,223.3
06.06.2015,225.6
05.06.2015,224.5
04.06.2015,223.2
03.06.2015,225.1
02.06.2015,224.7
01.06.2015,222
31.05.2015,228.7
30.05.2015,232.5
29.05.2015,236.5
28.05.2015,236.9
27.05.2015,236.9
26.05.2015,237.4
25.05.2015,237.1
24.05.2015,240.9
23.05.2015,238.8
22.05.2015,241
21.05.2015,235.3
20.05.2015,234.2
19.05.2015,231.7
18.05.2015,232.8
17.05.2015,236.2
16.05.2015,235.7
15.05.2015,237.3
14.05.2015,236.7
13.05.2015,235.8
12.05.2015,241.8
11.05.2015,242.5
10.05.2015,240.6
09.05.2015,242.5
08.05.2015,244.5
07.05.2015,237.3
06.05.2015,229.3
05.05.2015,235.9
04.05.2015,238.5
03.05.2015,240.7
02.05.2015,234.8
01.05.2015,231.8
30.04.2015,236.1
29.04.2015,225.2
28.04.2015,225.3
27.04.2015,227.7
26.04.2015,219.7
25.04.2015,226.1
24.04.2015,231.4
23.04.2015,236
22.04.2015,234.1
21.04.2015,235.8
20.04.2015,224.2
19.04.2015,222.2
18.04.2015,223.1
17.04.2015,222.4
16.04.2015,228.5
15.04.2015,224
14.04.2015,220.2
13.04.2015,225
12.04.2015,236.4
11.04.2015,236.9
10.04.2015,236.1
09.04.2015,243.6
08.04.2015,244.9
07.04.2015,253.7
06.04.2015,255.6
05.04.2015,260.5
04.04.2015,253.6
03.04.2015,254.2
02.04.2015,253.2
01.04.2015,246.9
31.03.2015,244.3
30.03.2015,247.9
29.03.2015,242.4
28.03.2015,252.9
27.03.2015,246.5
26.03.2015,249.2
25.03.2015,245.9
24.03.2015,246
23.03.2015,267.2
22.03.2015,268.8
21.03.2015,260.5
20.03.2015,262.2
19.03.2015,261.9
18.03.2015,257.3
17.03.2015,285.3
16.03.2015,291.2
15.03.2015,286.9
14.03.2015,282.6
13.03.2015,283.3
12.03.2015,295.6
11.03.2015,296.7
10.03.2015,292.7
09.03.2015,291
08.03.2015,275.6
07.03.2015,277
06.03.2015,273.2
05.03.2015,277.7
04.03.2015,273.3
03.03.2015,283.8
02.03.2015,277.3
01.03.2015,262.4
28.02.2015,255.7
27.02.2015,255
26.02.2015,236.9
25.02.2015,238
24.02.2015,239.7
23.02.2015,239.4
22.02.2015,236.5
21.02.2015,245.6
20.02.2015,244.5
19.02.2015,240.2
18.02.2015,236.3
17.02.2015,244
16.02.2015,233.6
15.02.2015,235.9
14.02.2015,257.2
13.02.2015,236.1
12.02.2015,222.4
11.02.2015,219.8
10.02.2015,220.9
09.02.2015,221.1
08.02.2015,224
07.02.2015,229
06.02.2015,223.2
05.02.2015,216.8
04.02.2015,227.1
03.02.2015,228.6
02.02.2015,237.8
01.02.2015,229
31.01.2015,218.4
30.01.2015,229.1
29.01.2015,235
28.01.2015,236.1
27.01.2015,263.6
26.01.2015,274.5
25.01.2015,254.5
24.01.2015,240
23.01.2015,235
22.01.2015,226.3
21.01.2015,225.5
20.01.2015,218
19.01.2015,213.2
18.01.2015,209.9
17.01.2015,201.2
16.01.2015,206.7
15.01.2015,217.7
14.01.2015,183.2
13.01.2015,229.8
12.01.2015,267.6
11.01.2015,266.2
10.01.2015,275
09.01.2015,292.8
08.01.2015,285.6
07.01.2015,297
06.01.2015,285.4
05.01.2015,273.2
04.01.2015,258.8
03.01.2015,282
02.01.2015,315.1
01.01.2015,313.9
