"Fecha","Cierre"
"01.01.2015",314
"02.01.2015",315
"03.01.2015",282
"04.01.2015",259
"05.01.2015",273
"06.01.2015",285
"07.01.2015",297
"08.01.2015",286
"09.01.2015",293
"10.01.2015",275
"11.01.2015",266
"12.01.2015",268
"13.01.2015",230
"14.01.2015",183
"15.01.2015",218
"16.01.2015",207
"17.01.2015",201
"18.01.2015",210
"19.01.2015",213
"20.01.2015",218
"21.01.2015",226
"22.01.2015",226
"23.01.2015",235
"24.01.2015",240
"25.01.2015",255
"26.01.2015",275
"27.01.2015",264
"28.01.2015",236
"29.01.2015",235
"30.01.2015",229
"31.01.2015",218
"01.02.2015",229
"02.02.2015",238
"03.02.2015",229
"04.02.2015",227
"05.02.2015",217
"06.02.2015",223
"07.02.2015",229
"08.02.2015",224
"09.02.2015",221
"10.02.2015",221
"11.02.2015",220
"12.02.2015",222
"13.02.2015",236
"14.02.2015",257
"15.02.2015",236
"16.02.2015",234
"17.02.2015",244
"18.02.2015",236
"19.02.2015",240
"20.02.2015",245
"21.02.2015",246
"22.02.2015",237
"23.02.2015",239
"24.02.2015",240
"25.02.2015",238
"26.02.2015",237
"27.02.2015",255
"28.02.2015",256
"01.03.2015",262
"02.03.2015",277
"03.03.2015",284
"04.03.2015",273
"05.03.2015",278
"06.03.2015",273
"07.03.2015",277
"08.03.2015",276
"09.03.2015",291
"10.03.2015",293
"11.03.2015",297
"12.03.2015",296
"13.03.2015",283
"14.03.2015",283
"15.03.2015",287
"16.03.2015",291
"17.03.2015",285
"18.03.2015",257
"19.03.2015",262
"20.03.2015",262
"21.03.2015",261
"22.03.2015",269
"23.03.2015",267
"24.03.2015",246
"25.03.2015",246
"26.03.2015",249
"27.03.2015",247
"28.03.2015",253
"29.03.2015",242
"30.03.2015",248
"31.03.2015",244
"01.04.2015",247
"02.04.2015",253
"03.04.2015",254
"04.04.2015",254
"05.04.2015",261
"06.04.2015",256
"07.04.2015",254
"08.04.2015",245
"09.04.2015",244
"10.04.2015",236
"11.04.2015",237
"12.04.2015",236
"13.04.2015",225
"14.04.2015",220
"15.04.2015",224
"16.04.2015",229
"17.04.2015",222
"18.04.2015",223
"19.04.2015",222
"20.04.2015",224
"21.04.2015",236
"22.04.2015",234
"23.04.2015",236
"24.04.2015",231
"25.04.2015",226
"26.04.2015",220
"27.04.2015",228
"28.04.2015",225
"29.04.2015",225
"30.04.2015",236
"01.05.2015",232
"02.05.2015",235
"03.05.2015",241
"04.05.2015",239
"05.05.2015",236
"06.05.2015",229
"07.05.2015",237
"08.05.2015",245
"09.05.2015",243
"10.05.2015",241
"11.05.2015",243
"12.05.2015",242
"13.05.2015",236
"14.05.2015",237
"15.05.2015",237
"16.05.2015",236
"17.05.2015",236
"18.05.2015",233
"19.05.2015",232
"20.05.2015",234
"21.05.2015",235
"22.05.2015",241
"23.05.2015",239
"24.05.2015",241
"25.05.2015",237
"26.05.2015",237
"27.05.2015",237
"28.05.2015",237
"29.05.2015",237
"30.05.2015",233
"31.05.2015",229
"01.06.2015",222
"02.06.2015",225
"03.06.2015",225
"04.06.2015",223
"05.06.2015",225
"06.06.2015",226
"07.06.2015",223
"08.06.2015",229
"09.06.2015",229
"10.06.2015",229
"11.06.2015",230
"12.06.2015",229
"13.06.2015",233
"14.06.2015",234
"15.06.2015",237
"16.06.2015",252
"17.06.2015",249
"18.06.2015",250
"19.06.2015",245
"20.06.2015",245
"21.06.2015",244
"22.06.2015",247
"23.06.2015",244
"24.06.2015",240
"25.06.2015",242
"26.06.2015",243
"27.06.2015",252
"28.06.2015",249
"29.06.2015",257
"30.06.2015",263
"01.07.2015",258
"02.07.2015",255
"03.07.2015",256
"04.07.2015",261
"05.07.2015",265
"06.07.2015",275
"07.07.2015",266
"08.07.2015",271
"09.07.2015",269
"10.07.2015",287
"12.07.2015",311
"13.07.2015",293
"14.07.2015",287
"15.07.2015",285
"16.07.2015",279
"17.07.2015",280
"18.07.2015",277
"19.07.2015",275
"20.07.2015",280
"21.07.2015",276
"22.07.2015",278
"23.07.2015",277
"24.07.2015",289
"25.07.2015",289
"26.07.2015",293
"27.07.2015",295
"28.07.2015",295
"29.07.2015",290
"30.07.2015",288
"31.07.2015",285
"01.08.2015",280
"02.08.2015",283
"03.08.2015",281
"04.08.2015",286
"05.08.2015",283
"06.08.2015",279
"07.08.2015",280
"08.08.2015",261
"09.08.2015",266
"10.08.2015",265
"11.08.2015",272
"12.08.2015",267
"13.08.2015",265
"14.08.2015",266
"15.08.2015",262
"16.08.2015",260
"17.08.2015",259
"18.08.2015",183
"19.08.2015",226
"20.08.2015",236
"21.08.2015",232
"22.08.2015",230
"23.08.2015",229
"24.08.2015",211
"25.08.2015",223
"26.08.2015",226
"27.08.2015",226
"28.08.2015",232
"29.08.2015",231
"30.08.2015",230
"31.08.2015",231
"01.09.2015",228
"02.09.2015",230
"03.09.2015",227
"04.09.2015",231
"05.09.2015",236
"06.09.2015",241
"07.09.2015",241
"08.09.2015",244
"09.09.2015",239
"10.09.2015",240
"11.09.2015",241
"12.09.2015",236
"13.09.2015",231
"14.09.2015",231
"15.09.2015",231
"16.09.2015",229
"17.09.2015",234
"18.09.2015",234
"19.09.2015",232
"20.09.2015",232
"21.09.2015",227
"22.09.2015",231
"23.09.2015",231
"24.09.2015",235
"25.09.2015",235
"26.09.2015",235
"27.09.2015",233
"28.09.2015",240
"29.09.2015",237
"30.09.2015",237
"01.10.2015",239
"02.10.2015",238
"03.10.2015",240
"04.10.2015",240
"05.10.2015",242
"06.10.2015",247
"07.10.2015",244
"08.10.2015",243
"09.10.2015",245
"10.10.2015",246
"11.10.2015",248
"12.10.2015",246
"13.10.2015",251
"14.10.2015",254
"15.10.2015",255
"16.10.2015",264
"17.10.2015",273
"18.10.2015",265
"19.10.2015",265
"20.10.2015",271
"21.10.2015",268
"22.10.2015",276
"23.10.2015",279
"24.10.2015",284
"25.10.2015",285
"26.10.2015",287
"27.10.2015",295
"28.10.2015",305
"29.10.2015",315
"30.10.2015",328
"31.10.2015",316
"01.11.2015",331
"02.11.2015",365
"03.11.2015",405
"04.11.2015",409
"05.11.2015",388
"06.11.2015",376
"07.11.2015",385
"08.11.2015",374
"09.11.2015",381
"10.11.2015",340
"11.11.2015",314
"12.11.2015",337
"13.11.2015",339
"14.11.2015",333
"15.11.2015",321
"16.11.2015",332
"17.11.2015",336
"18.11.2015",336
"19.11.2015",327
"20.11.2015",322
"21.11.2015",328
"22.11.2015",325
"23.11.2015",324
"24.11.2015",320
"25.11.2015",330
"26.11.2015",354
"27.11.2015",359
"28.11.2015",359
"29.11.2015",373
"30.11.2015",377
"01.12.2015",363
"02.12.2015",359
"03.12.2015",361
"04.12.2015",363
"05.12.2015",390
"06.12.2015",391
"07.12.2015",397
"08.12.2015",421
"09.12.2015",419
"10.12.2015",415
"11.12.2015",456
"12.12.2015",436
"13.12.2015",433
"14.12.2015",443
"15.12.2015",467
"16.12.2015",455
"17.12.2015",456
"18.12.2015",464
"19.12.2015",463
"20.12.2015",443
"21.12.2015",438
"22.12.2015",436
"23.12.2015",443
"24.12.2015",456
"25.12.2015",456
"26.12.2015",417
"27.12.2015",422
"28.12.2015",420
"29.12.2015",432
"30.12.2015",425
"31.12.2015",429
"01.01.2016",434
"02.01.2016",433
"03.01.2016",429
"04.01.2016",433
"05.01.2016",432
"06.01.2016",428
"07.01.2016",459
"08.01.2016",454
"09.01.2016",449
"10.01.2016",449
"11.01.2016",449
"12.01.2016",432
"13.01.2016",431
"14.01.2016",429
"15.01.2016",359
"16.01.2016",388
"17.01.2016",382
"18.01.2016",387
"19.01.2016",379
"20.01.2016",419
"21.01.2016",411
"22.01.2016",381
"23.01.2016",386
"24.01.2016",403
"25.01.2016",391
"26.01.2016",391
"27.01.2016",395
"28.01.2016",378
"29.01.2016",378
"30.01.2016",377
"31.01.2016",366
"01.02.2016",371
"02.02.2016",373
"03.02.2016",369
"04.02.2016",390
"05.02.2016",387
"06.02.2016",374
"07.02.2016",372
"08.02.2016",371
"09.02.2016",374
"10.02.2016",381
"11.02.2016",378
"12.02.2016",383
"13.02.2016",393
"14.02.2016",408
"15.02.2016",400
"16.02.2016",407
"17.02.2016",415
"18.02.2016",422
"19.02.2016",420
"20.02.2016",439
"21.02.2016",441
"22.02.2016",440
"23.02.2016",421
"24.02.2016",426
"25.02.2016",425
"26.02.2016",435
"27.02.2016",434
"28.02.2016",435
"29.02.2016",439
"01.03.2016",435
"02.03.2016",422
"03.03.2016",421
"04.03.2016",409
"05.03.2016",397
"06.03.2016",404
"07.03.2016",413
"08.03.2016",411
"09.03.2016",413
"10.03.2016",417
"11.03.2016",421
"12.03.2016",410
"13.03.2016",412
"14.03.2016",416
"15.03.2016",416
"16.03.2016",417
"17.03.2016",419
"18.03.2016",408
"19.03.2016",408
"20.03.2016",411
"21.03.2016",412
"22.03.2016",418
"23.03.2016",418
"24.03.2016",415
"25.03.2016",416
"26.03.2016",417
"27.03.2016",427
"28.03.2016",424
"29.03.2016",416
"30.03.2016",413
"31.03.2016",416
"01.04.2016",418
"02.04.2016",420
"03.04.2016",421
"04.04.2016",421
"05.04.2016",424
"06.04.2016",423
"07.04.2016",422
"08.04.2016",419
"09.04.2016",419
"10.04.2016",421
"11.04.2016",424
"12.04.2016",427
"13.04.2016",425
"14.04.2016",426
"15.04.2016",432
"16.04.2016",432
"17.04.2016",429
"18.04.2016",430
"19.04.2016",438
"20.04.2016",444
"21.04.2016",452
"22.04.2016",448
"23.04.2016",454
"24.04.2016",463
"25.04.2016",462
"26.04.2016",468
"27.04.2016",445
"28.04.2016",451
"29.04.2016",455
"30.04.2016",447
"01.05.2016",451
"02.05.2016",444
"03.05.2016",450
"04.05.2016",447
"05.05.2016",448
"06.05.2016",461
"07.05.2016",460
"08.05.2016",460
"09.05.2016",462
"10.05.2016",451
"11.05.2016",452
"12.05.2016",455
"13.05.2016",456
"14.05.2016",456
"15.05.2016",458
"16.05.2016",453
"17.05.2016",453
"18.05.2016",454
"19.05.2016",435
"20.05.2016",442
"21.05.2016",441
"22.05.2016",438
"23.05.2016",444
"24.05.2016",445
"25.05.2016",449
"26.05.2016",454
"27.05.2016",472
"28.05.2016",527
"29.05.2016",531
"30.05.2016",533
"31.05.2016",531
"01.06.2016",537
"02.06.2016",539
"03.06.2016",571
"04.06.2016",573
"05.06.2016",574
"06.06.2016",585
"07.06.2016",577
"08.06.2016",583
"09.06.2016",576
"10.06.2016",580
"11.06.2016",615
"12.06.2016",671
"13.06.2016",706
"14.06.2016",685
"15.06.2016",697
"16.06.2016",770
"17.06.2016",749
"18.06.2016",758
"19.06.2016",767
"20.06.2016",744
"21.06.2016",669
"22.06.2016",606
"23.06.2016",626
"24.06.2016",666
"25.06.2016",665
"26.06.2016",627
"27.06.2016",662
"28.06.2016",646
"29.06.2016",640
"30.06.2016",675
"01.07.2016",675
"02.07.2016",705
"03.07.2016",659
"04.07.2016",681
"05.07.2016",668
"06.07.2016",677
"07.07.2016",641
"08.07.2016",665
"09.07.2016",648
"10.07.2016",650
"11.07.2016",648
"12.07.2016",667
"13.07.2016",654
"14.07.2016",660
"15.07.2016",666
"16.07.2016",665
"17.07.2016",683
"18.07.2016",674
"19.07.2016",675
"20.07.2016",666
"21.07.2016",665
"22.07.2016",648
"23.07.2016",654
"24.07.2016",662
"25.07.2016",654
"26.07.2016",649
"27.07.2016",655
"29.07.2016",658
"30.07.2016",655
"31.07.2016",624
"01.08.2016",608
"02.08.2016",604
"03.08.2016",604
"04.08.2016",604
"05.08.2016",604
"06.08.2016",604
"07.08.2016",604
"08.08.2016",604
"09.08.2016",604
"10.08.2016",590
"11.08.2016",591
"12.08.2016",586
"13.08.2016",584
"14.08.2016",569
"15.08.2016",565
"16.08.2016",574
"17.08.2016",572
"18.08.2016",572
"19.08.2016",574
"20.08.2016",582
"21.08.2016",581
"22.08.2016",588
"23.08.2016",584
"24.08.2016",580
"25.08.2016",577
"26.08.2016",578
"27.08.2016",569
"28.08.2016",574
"29.08.2016",575
"30.08.2016",580
"31.08.2016",576
"01.09.2016",573
"02.09.2016",580
"03.09.2016",610
"04.09.2016",615
"05.09.2016",612
"06.09.2016",615
"07.09.2016",620
"08.09.2016",632
"09.09.2016",626
"10.09.2016",628
"11.09.2016",612
"12.09.2016",612
"13.09.2016",614
"14.09.2016",614
"15.09.2016",612
"16.09.2016",610
"17.09.2016",608
"18.09.2016",613
"19.09.2016",610
"20.09.2016",600
"21.09.2016",597
"22.09.2016",597
"23.09.2016",603
"24.09.2016",603
"25.09.2016",600
"26.09.2016",609
"27.09.2016",606
"28.09.2016",604
"29.09.2016",605
"30.09.2016",611
"01.10.2016",614
"02.10.2016",609
"03.10.2016",613
"04.10.2016",611
"05.10.2016",614
"06.10.2016",614
"07.10.2016",620
"08.10.2016",621
"09.10.2016",617
"10.10.2016",619
"11.10.2016",642
"12.10.2016",638
"13.10.2016",637
"14.10.2016",643
"15.10.2016",640
"16.10.2016",644
"17.10.2016",640
"18.10.2016",639
"19.10.2016",632
"20.10.2016",633
"21.10.2016",637
"22.10.2016",665
"23.10.2016",659
"24.10.2016",655
"25.10.2016",660
"26.10.2016",679
"27.10.2016",689
"28.10.2016",694
"29.10.2016",715
"30.10.2016",703
"31.10.2016",704
"01.11.2016",734
"02.11.2016",738
"03.11.2016",690
"04.11.2016",708
"05.11.2016",708
"06.11.2016",713
"07.11.2016",708
"08.11.2016",714
"09.11.2016",724
"10.11.2016",715
"11.11.2016",715
"12.11.2016",704
"13.11.2016",708
"14.11.2016",707
"15.11.2016",712
"16.11.2016",745
"17.11.2016",741
"18.11.2016",754
"19.11.2016",753
"20.11.2016",730
"21.11.2016",739
"22.11.2016",750
"23.11.2016",742
"24.11.2016",738
"25.11.2016",740
"26.11.2016",731
"27.11.2016",725
"28.11.2016",732
"29.11.2016",731
"30.11.2016",739
"01.12.2016",755
"02.12.2016",775
"03.12.2016",765
"04.12.2016",769
"05.12.2016",751
"06.12.2016",757
"07.12.2016",765
"08.12.2016",765
"09.12.2016",771
"10.12.2016",773
"11.12.2016",770
"12.12.2016",778
"13.12.2016",775
"14.12.2016",775
"15.12.2016",777
"16.12.2016",784
"17.12.2016",791
"18.12.2016",790
"19.12.2016",791
"20.12.2016",798
"21.12.2016",830
"22.12.2016",859
"23.12.2016",919
"24.12.2016",895
"25.12.2016",898
"26.12.2016",906
"27.12.2016",936
"28.12.2016",982
"29.12.2016",973
"30.12.2016",959
"31.12.2016",967
"01.01.2017",999
"02.01.2017",1019
"03.01.2017",1038
"04.01.2017",1140
"05.01.2017",1003
"06.01.2017",898
"07.01.2017",909
"08.01.2017",916
"09.01.2017",903
"10.01.2017",906
"11.01.2017",779
"12.01.2017",805
"13.01.2017",828
"14.01.2017",815
"15.01.2017",821
"16.01.2017",830
"17.01.2017",904
"18.01.2017",888
"19.01.2017",900
"20.01.2017",896
"21.01.2017",924
"22.01.2017",924
"23.01.2017",910
"24.01.2017",886
"25.01.2017",893
"26.01.2017",915
"27.01.2017",917
"28.01.2017",919
"29.01.2017",913
"30.01.2017",917
"31.01.2017",966
"01.02.2017",984
"02.02.2017",1006
"03.02.2017",1016
"04.02.2017",1031
"05.02.2017",1007
"06.02.2017",1023
"07.02.2017",1052
"08.02.2017",1049
"09.02.2017",985
"10.02.2017",992
"11.02.2017",1000
"12.02.2017",996
"13.02.2017",997
"14.02.2017",1014
"15.02.2017",1014
"16.02.2017",1038
"17.02.2017",1056
"18.02.2017",1060
"19.02.2017",1056
"20.02.2017",1091
"21.02.2017",1130
"22.02.2017",1125
"23.02.2017",1191
"24.02.2017",1185
"25.02.2017",1153
"26.02.2017",1178
"27.02.2017",1196
"28.02.2017",1189
"01.03.2017",1233
"02.03.2017",1262
"03.03.2017",1288
"04.03.2017",1268
"05.03.2017",1278
"06.03.2017",1279
"07.03.2017",1232
"08.03.2017",1149
"09.03.2017",1190
"10.03.2017",1114
"11.03.2017",1173
"12.03.2017",1225
"13.03.2017",1239
"14.03.2017",1245
"15.03.2017",1256
"16.03.2017",1169
"17.03.2017",1068
"18.03.2017",971
"19.03.2017",1016
"20.03.2017",1039
"21.03.2017",1115
"22.03.2017",1039
"23.03.2017",1033
"24.03.2017",943
"25.03.2017",972
"26.03.2017",969
"27.03.2017",1043
"28.03.2017",1045
"29.03.2017",1042
"30.03.2017",1041
"31.03.2017",1082
"01.04.2017",1093
"02.04.2017",1108
"03.04.2017",1150
"04.04.2017",1145
"05.04.2017",1141
"06.04.2017",1192
"07.04.2017",1197
"08.04.2017",1188
"09.04.2017",1216
"10.04.2017",1220
"11.04.2017",1236
"12.04.2017",1227
"13.04.2017",1187
"14.04.2017",1207
"15.04.2017",1193
"16.04.2017",1212
"17.04.2017",1240
"18.04.2017",1265
"19.04.2017",1261
"20.04.2017",1308
"21.04.2017",1326
"22.04.2017",1348
"23.04.2017",1355
"24.04.2017",1345
"25.04.2017",1370
"26.04.2017",1399
"27.04.2017",1440
"28.04.2017",1416
"29.04.2017",1424
"30.04.2017",1435
"01.05.2017",1533
"02.05.2017",1560
"03.05.2017",1618
"04.05.2017",1607
"05.05.2017",1545
"06.05.2017",1597
"07.05.2017",1620
"08.05.2017",1703
"09.05.2017",1760
"10.05.2017",1797
"11.05.2017",1854
"12.05.2017",1735
"13.05.2017",1820
"14.05.2017",1828
"15.05.2017",1773
"16.05.2017",1786
"17.05.2017",1870
"18.05.2017",1942
"19.05.2017",1967
"20.05.2017",2060
"21.05.2017",2029
"22.05.2017",2086
"23.05.2017",2249
"24.05.2017",2395
"25.05.2017",2252
"26.05.2017",2127
"27.05.2017",1972
"28.05.2017",2057
"29.05.2017",2207
"30.05.2017",2147
"31.05.2017",2192
"01.06.2017",2312
"02.06.2017",2406
"03.06.2017",2461
"04.06.2017",2488
"05.06.2017",2636
"06.06.2017",2844
"07.06.2017",2643
"08.06.2017",2782
"09.06.2017",2809
"10.06.2017",2806
"11.06.2017",2936
"12.06.2017",2572
"13.06.2017",2676
"14.06.2017",2395
"15.06.2017",2377
"16.06.2017",2437
"17.06.2017",2610
"18.06.2017",2492
"19.06.2017",2581
"20.06.2017",2712
"21.06.2017",2621
"22.06.2017",2673
"23.06.2017",2675
"24.06.2017",2503
"25.06.2017",2478
"26.06.2017",2395
"27.06.2017",2521
"28.06.2017",2518
"29.06.2017",2470
"30.06.2017",2421
"01.07.2017",2350
"02.07.2017",2445
"03.07.2017",2524
"04.07.2017",2583
"05.07.2017",2599
"06.07.2017",2593
"07.07.2017",2479
"08.07.2017",2542
"09.07.2017",2478
"10.07.2017",2318
"11.07.2017",2282
"12.07.2017",2374
"13.07.2017",2329
"14.07.2017",2205
"15.07.2017",1979
"16.07.2017",1925
"17.07.2017",2219
"18.07.2017",2302
"19.07.2017",2253
"20.07.2017",2856
"21.07.2017",2664
"22.07.2017",2846
"23.07.2017",2748
"24.07.2017",2770
"25.07.2017",2561
"26.07.2017",2526
"27.07.2017",2665
"28.07.2017",2785
"29.07.2017",2714
"30.07.2017",2749
"31.07.2017",2856
"01.08.2017",2731
"02.08.2017",2702
"03.08.2017",2790
"04.08.2017",2860
"05.08.2017",3256
"06.08.2017",3228
"07.08.2017",3397
"08.08.2017",3415
"09.08.2017",3340
"10.08.2017",3408
"11.08.2017",3644
"12.08.2017",3866
"13.08.2017",4053
"14.08.2017",4320
"15.08.2017",4152
"16.08.2017",4386
"17.08.2017",4260
"18.08.2017",4090
"19.08.2017",4145
"20.08.2017",4064
"21.08.2017",4003
"22.08.2017",4074
"23.08.2017",4129
"24.08.2017",4325
"25.08.2017",4352
"26.08.2017",4342
"27.08.2017",4332
"28.08.2017",4384
"29.08.2017",4587
"30.08.2017",4569
"31.08.2017",4718
"01.09.2017",4905
"02.09.2017",4534
"03.09.2017",4595
"04.09.2017",4200
"05.09.2017",4375
"06.09.2017",4589
"07.09.2017",4614
"08.09.2017",4306
"09.09.2017",4318
"10.09.2017",4232
"11.09.2017",4203
"12.09.2017",4143
"13.09.2017",3850
"14.09.2017",3238
"15.09.2017",3698
"16.09.2017",3685
"17.09.2017",3666
"18.09.2017",4084
"19.09.2017",3900
"20.09.2017",3873
"21.09.2017",3603
"22.09.2017",3599
"23.09.2017",3780
"24.09.2017",3653
"25.09.2017",3930
"26.09.2017",3879
"27.09.2017",4205
"28.09.2017",4190
"29.09.2017",4170
"30.09.2017",4367
"01.10.2017",4404
"02.10.2017",4400
"03.10.2017",4311
"04.10.2017",4215
"05.10.2017",4315
"06.10.2017",4371
"07.10.2017",4436
"08.10.2017",4613
"09.10.2017",4782
"10.10.2017",4777
"11.10.2017",4825
"12.10.2017",5429
"13.10.2017",5637
"14.10.2017",5835
"15.10.2017",5699
"16.10.2017",5764
"17.10.2017",5597
"18.10.2017",5565
"19.10.2017",5694
"20.10.2017",5985
"21.10.2017",6005
"22.10.2017",5981
"23.10.2017",5907
"24.10.2017",5510
"25.10.2017",5720
"26.10.2017",5890
"27.10.2017",5760
"28.10.2017",5721
"29.10.2017",6156
"30.10.2017",6125
"31.10.2017",6458
"01.11.2017",6727
"02.11.2017",7020
"03.11.2017",7278
"04.11.2017",7369
"05.11.2017",7382
"06.11.2017",6955
"07.11.2017",7103
"08.11.2017",7442
"09.11.2017",7126
"10.11.2017",6542
"11.11.2017",6301
"12.11.2017",5822
"13.11.2017",6475
"14.11.2017",6579
"15.11.2017",7278
"16.11.2017",7864
"17.11.2017",7678
"18.11.2017",7773
"19.11.2017",8054
"20.11.2017",8245
"21.11.2017",8097
"22.11.2017",8230
"23.11.2017",7977
"24.11.2017",8192
"25.11.2017",8766
"26.11.2017",9316
"27.11.2017",9729
"28.11.2017",9898
"29.11.2017",9749
"30.11.2017",9907
"01.12.2017",10869
"02.12.2017",10881
"03.12.2017",11157
"04.12.2017",11595
"05.12.2017",11595
"06.12.2017",13527
"07.12.2017",16601
"08.12.2017",15869
"09.12.2017",14660
"10.12.2017",14997
"11.12.2017",16754
"12.12.2017",16967
"13.12.2017",16181
"14.12.2017",16383
"15.12.2017",17522
"16.12.2017",19187
"17.12.2017",18971
"18.12.2017",18934
"19.12.2017",17345
"20.12.2017",16425
"21.12.2017",15667
"22.12.2017",13170
"23.12.2017",14035
"24.12.2017",13476
"25.12.2017",13623
"26.12.2017",15679
"27.12.2017",15374
"28.12.2017",14315
"29.12.2017",14317
"30.12.2017",12377
"31.12.2017",13800
"01.01.2018",13354
"02.01.2018",14710
"03.01.2018",15155
"04.01.2018",15160
"05.01.2018",16917
"06.01.2018",17161
"07.01.2018",16196
"08.01.2018",14930
"09.01.2018",14423
"10.01.2018",14896
"11.01.2018",13266
"12.01.2018",13783
"13.01.2018",14191
"14.01.2018",13558
"15.01.2018",13575
"16.01.2018",11072
"17.01.2018",11082
"18.01.2018",11045
"19.01.2018",11476
"20.01.2018",12728
"21.01.2018",11514
"22.01.2018",10771
"23.01.2018",10819
"24.01.2018",11414
"25.01.2018",11146
"26.01.2018",11070
"27.01.2018",11461
"28.01.2018",11839
"29.01.2018",11212
"30.01.2018",10175
"31.01.2018",10284
"01.02.2018",9181
"02.02.2018",8896
"03.02.2018",9219
"04.02.2018",8200
"05.02.2018",6950
"06.02.2018",7674
"07.02.2018",7587
"08.02.2018",8235
"09.02.2018",8683
"10.02.2018",8563
"11.02.2018",8069
"12.02.2018",8901
"13.02.2018",8516
"14.02.2018",9455
"15.02.2018",9997
"16.02.2018",10162
"17.02.2018",11054
"18.02.2018",10372
"19.02.2018",11173
"20.02.2018",11218
"21.02.2018",10455
"22.02.2018",9830
"23.02.2018",10145
"24.02.2018",9666
"25.02.2018",9557
"26.02.2018",10321
"27.02.2018",10569
"28.02.2018",10315
"01.03.2018",10925
"02.03.2018",11025
"03.03.2018",11440
"04.03.2018",11501
"05.03.2018",11416
"06.03.2018",10720
"07.03.2018",9903
"08.03.2018",9300
"09.03.2018",9217
"10.03.2018",8762
"11.03.2018",9528
"12.03.2018",9121
"13.03.2018",9135
"14.03.2018",8187
"15.03.2018",8253
"16.03.2018",8251
"17.03.2018",7851
"18.03.2018",8200
"19.03.2018",8600
"20.03.2018",8900
"21.03.2018",8900
"22.03.2018",8706
"23.03.2018",8908
"24.03.2018",8535
"25.03.2018",8445
"26.03.2018",8119
"27.03.2018",7785
"28.03.2018",7936
"29.03.2018",7094
"30.03.2018",6840
"31.03.2018",6925
"01.04.2018",6810
"02.04.2018",7053
"03.04.2018",7406
"04.04.2018",6786
"05.04.2018",6765
"06.04.2018",6610
"07.04.2018",6893
"08.04.2018",7024
"09.04.2018",6765
"10.04.2018",6839
"11.04.2018",6943
"12.04.2018",7912
"13.04.2018",7886
"14.04.2018",8003
"15.04.2018",8354
"16.04.2018",8056
"17.04.2018",7890
"18.04.2018",8166
"19.04.2018",8273
"20.04.2018",8866
"21.04.2018",8919
"22.04.2018",8800
"23.04.2018",8940
"24.04.2018",9644
"25.04.2018",8878
"26.04.2018",9279
"27.04.2018",8920
"28.04.2018",9345
"29.04.2018",9399
"30.04.2018",9240
"01.05.2018",9067
"02.05.2018",9236
"03.05.2018",9762
"04.05.2018",9703
"05.05.2018",9860
"06.05.2018",9659
"07.05.2018",9370
"08.05.2018",9185
"09.05.2018",9318
"10.05.2018",9019
"11.05.2018",8412
"12.05.2018",8463
"13.05.2018",8684
"14.05.2018",8671
"15.05.2018",8468
"16.05.2018",8336
"17.05.2018",8052
"18.05.2018",8239
"19.05.2018",8232
"20.05.2018",8524
"21.05.2018",8393
"22.05.2018",7977
"23.05.2018",7495
"24.05.2018",7577
"25.05.2018",7458
"26.05.2018",7330
"27.05.2018",7340
"28.05.2018",7098
"29.05.2018",7460
"30.05.2018",7375
"31.05.2018",7486
"01.06.2018",7521
"02.06.2018",7638
"03.06.2018",7718
"04.06.2018",7488
"05.06.2018",7622
"06.06.2018",7654
"07.06.2018",7689
"08.06.2018",7615
"09.06.2018",7499
"10.06.2018",6757
"11.06.2018",6873
"12.06.2018",6544
"13.06.2018",6295
"14.06.2018",6634
"15.06.2018",6385
"16.06.2018",6486
"17.06.2018",6436
"18.06.2018",6709
"19.06.2018",6738
"20.06.2018",6760
"21.06.2018",6714
"22.06.2018",6043
"23.06.2018",6152
"24.06.2018",6148
"25.06.2018",6247
"26.06.2018",6079
"27.06.2018",6133
"28.06.2018",5850
"29.06.2018",6208
"30.06.2018",6392
"01.07.2018",6350
"02.07.2018",6581
"03.07.2018",6500
"04.07.2018",6590
"05.07.2018",6540
"06.07.2018",6602
"07.07.2018",6762
"08.07.2018",6707
"09.07.2018",6667
"10.07.2018",6302
"11.07.2018",6378
"12.07.2018",6249
"13.07.2018",6220
"14.07.2018",6250
"15.07.2018",6347
"16.07.2018",6729
"17.07.2018",7320
"18.07.2018",7379
"19.07.2018",7474
"20.07.2018",7333
"21.07.2018",7403
"22.07.2018",7401
"23.07.2018",7720
"24.07.2018",8395
"25.07.2018",8176
"26.07.2018",7939
"27.07.2018",8186
"28.07.2018",8246
"29.07.2018",8221
"30.07.2018",8180
"31.07.2018",7731
"01.08.2018",7609
"02.08.2018",7535
"03.08.2018",7420
"04.08.2018",7013
"05.08.2018",7026
"06.08.2018",6941
"07.08.2018",6721
"08.08.2018",6279
"09.08.2018",6529
"10.08.2018",6147
"11.08.2018",6233
"12.08.2018",6314
"13.08.2018",6252
"14.08.2018",6189
"15.08.2018",6270
"16.08.2018",6314
"17.08.2018",6583
"18.08.2018",6391
"19.08.2018",6485
"20.08.2018",6256
"21.08.2018",6479
"22.08.2018",6355
"23.08.2018",6527
"24.08.2018",6696
"25.08.2018",6733
"26.08.2018",6708
"27.08.2018",6910
"28.08.2018",7080
"29.08.2018",7046
"30.08.2018",6995
"31.08.2018",7026
"01.09.2018",7198
"02.09.2018",7290
"03.09.2018",7268
"04.09.2018",7359
"05.09.2018",6711
"06.09.2018",6516
"07.09.2018",6404
"08.09.2018",6185
"09.09.2018",6240
"10.09.2018",6308
"11.09.2018",6291
"12.09.2018",6332
"13.09.2018",6476
"14.09.2018",6485
"15.09.2018",6514
"16.09.2018",6499
"17.09.2018",6254
"18.09.2018",6343
"19.09.2018",6391
"20.09.2018",6501
"21.09.2018",6763
"22.09.2018",6723
"23.09.2018",6710
"24.09.2018",6585
"25.09.2018",6435
"26.09.2018",6462
"27.09.2018",6693
"28.09.2018",6635
"29.09.2018",6605
"30.09.2018",6618
"01.10.2018",6602
"02.10.2018",6533
"03.10.2018",6503
"04.10.2018",6580
"05.10.2018",6645
"06.10.2018",6592
"07.10.2018",6601
"08.10.2018",6673
"09.10.2018",6663
"10.10.2018",6630
"11.10.2018",6252
"12.10.2018",6293
"13.10.2018",6327
"14.10.2018",6335
"15.10.2018",6742
"16.10.2018",6754
"17.10.2018",6737
"18.10.2018",6613
"19.10.2018",6527
"20.10.2018",6587
"21.10.2018",6592
"22.10.2018",6567
"23.10.2018",6550
"24.10.2018",6554
"25.10.2018",6528
"26.10.2018",6532
"27.10.2018",6500
"28.10.2018",6490
"29.10.2018",6344
"30.10.2018",6330
"31.10.2018",6368
"01.11.2018",6400
"02.11.2018",6427
"03.11.2018",6388
"04.11.2018",6485
"05.11.2018",6470
"06.11.2018",6515
"07.11.2018",6573
"08.11.2018",6480
"09.11.2018",6420
"10.11.2018",6431
"11.11.2018",6450
"12.11.2018",6447
"13.11.2018",6464
"14.11.2018",5885
"15.11.2018",5753
"16.11.2018",5661
"17.11.2018",5627
"18.11.2018",5659
"19.11.2018",4938
"20.11.2018",4600
"21.11.2018",4667
"22.11.2018",4392
"23.11.2018",4423
"24.11.2018",3930
"25.11.2018",4088
"26.11.2018",3858
"27.11.2018",3884
"28.11.2018",4306
"29.11.2018",4313
"30.11.2018",4038
"01.12.2018",4243
"02.12.2018",4160
"03.12.2018",3901
"04.12.2018",3982
"05.12.2018",3765
"06.12.2018",3531
"07.12.2018",3460
"08.12.2018",3506
"09.12.2018",3640
"10.12.2018",3525
"11.12.2018",3435
"12.12.2018",3536
"13.12.2018",3354
"14.12.2018",3283
"15.12.2018",3285
"16.12.2018",3300
"17.12.2018",3625
"18.12.2018",3780
"19.12.2018",3810
"20.12.2018",4215
"21.12.2018",3976
"22.12.2018",4135
"23.12.2018",4076
"24.12.2018",4145
"25.12.2018",3910
"26.12.2018",3930
"27.12.2018",3715
"28.12.2018",4037
"29.12.2018",3887
"30.12.2018",3978
"31.12.2018",3831
"01.01.2019",3963
"02.01.2019",4049
"03.01.2019",3923
"04.01.2019",3955
"05.01.2019",3911
"06.01.2019",4172
"07.01.2019",4114
"08.01.2019",4100
"09.01.2019",4083
"10.01.2019",3713
"11.01.2019",3716
"12.01.2019",3702
"13.01.2019",3591
"14.01.2019",3749
"15.01.2019",3657
"16.01.2019",3671
"17.01.2019",3723
"18.01.2019",3676
"19.01.2019",3760
"20.01.2019",3586
"21.01.2019",3579
"22.01.2019",3639
"23.01.2019",3620
"24.01.2019",3653
"25.01.2019",3629
"26.01.2019",3631
"27.01.2019",3597
"28.01.2019",3502
"29.01.2019",3478
"30.01.2019",3530
"31.01.2019",3501
"01.02.2019",3536
"02.02.2019",3564
"03.02.2019",3502
"04.02.2019",3491
"05.02.2019",3513
"06.02.2019",3452
"07.02.2019",3436
"08.02.2019",3724
"09.02.2019",3718
"10.02.2019",3746
"11.02.2019",3681
"12.02.2019",3694
"13.02.2019",3666
"14.02.2019",3657
"15.02.2019",3670
"16.02.2019",3676
"17.02.2019",3735
"18.02.2019",3978
"19.02.2019",3990
"20.02.2019",4055
"21.02.2019",4009
"22.02.2019",4058
"23.02.2019",4212
"24.02.2019",3832
"25.02.2019",3922
"26.02.2019",3897
"27.02.2019",3903
"28.02.2019",3894
"01.03.2019",3914
"02.03.2019",3913
"03.03.2019",3885
"04.03.2019",3800
"05.03.2019",3952
"06.03.2019",3951
"07.03.2019",3965
"08.03.2019",3941
"09.03.2019",4017
"10.03.2019",4000
"11.03.2019",3949
"12.03.2019",3954
"13.03.2019",3948
"14.03.2019",3948
"15.03.2019",4003
"16.03.2019",4088
"17.03.2019",4069
"18.03.2019",4074
"19.03.2019",4105
"20.03.2019",4127
"21.03.2019",4045
"22.03.2019",4045
"23.03.2019",4063
"24.03.2019",4041
"25.03.2019",3970
"26.03.2019",3992
"27.03.2019",4103
"28.03.2019",4093
"29.03.2019",4179
"30.03.2019",4165
"31.03.2019",4168
"01.04.2019",4197
"02.04.2019",4927
"03.04.2019",4978
"04.04.2019",4939
"05.04.2019",5080
"06.04.2019",5091
"07.04.2019",5238
"08.04.2019",5313
"09.04.2019",5216
"10.04.2019",5312
"11.04.2019",5066
"12.04.2019",5114
"13.04.2019",5102
"14.04.2019",5194
"15.04.2019",5049
"16.04.2019",5234
"17.04.2019",5255
"18.04.2019",5311
"19.04.2019",5314
"20.04.2019",5340
"21.04.2019",5322
"22.04.2019",5418
"23.04.2019",5551
"24.04.2019",5480
"25.04.2019",5219
"26.04.2019",5411
"27.04.2019",5402
"28.04.2019",5487
"29.04.2019",5480
"30.04.2019",5600
"01.05.2019",5630
"02.05.2019",5724
"03.05.2019",6016
"04.05.2019",6098
"05.05.2019",6042
"06.05.2019",6028
"07.05.2019",6088
"08.05.2019",6201
"09.05.2019",6258
"10.05.2019",6439
"11.05.2019",7136
"12.05.2019",6980
"13.05.2019",7753
"14.05.2019",7958
"15.05.2019",8133
"16.05.2019",7857
"17.05.2019",7415
"18.05.2019",7260
"19.05.2019",8190
"20.05.2019",7985
"21.05.2019",7937
"22.05.2019",7621
"23.05.2019",7872
"24.05.2019",7995
"25.05.2019",8055
"26.05.2019",8730
"27.05.2019",8806
"28.05.2019",8741
"29.05.2019",8681
"30.05.2019",8270
"31.05.2019",8533
"01.06.2019",8547
"02.06.2019",8740
"03.06.2019",8103
"04.06.2019",7693
"05.06.2019",7789
"06.06.2019",7806
"07.06.2019",7992
"08.06.2019",7925
"09.06.2019",7639
"10.06.2019",8014
"11.06.2019",7904
"12.06.2019",8175
"13.06.2019",8227
"14.06.2019",8689
"15.06.2019",8856
"16.06.2019",8986
"17.06.2019",9356
"18.06.2019",9096
"19.06.2019",9306
"20.06.2019",9557
"21.06.2019",10236
"22.06.2019",10748
"23.06.2019",10916
"24.06.2019",11053
"25.06.2019",11751
"26.06.2019",12876
"27.06.2019",11200
"28.06.2019",12349
"29.06.2019",11921
"30.06.2019",10745
"01.07.2019",10639
"02.07.2019",10866
"03.07.2019",11984
"04.07.2019",11169
"05.07.2019",10998
"06.07.2019",11283
"07.07.2019",11486
"08.07.2019",12301
"09.07.2019",12553
"10.07.2019",12093
"11.07.2019",11340
"12.07.2019",11765
"13.07.2019",11312
"14.07.2019",10207
"15.07.2019",10820
"16.07.2019",9410
"17.07.2019",9683
"18.07.2019",10622
"19.07.2019",10519
"20.07.2019",10740
"21.07.2019",10569
"22.07.2019",10329
"23.07.2019",9855
"24.07.2019",9771
"25.07.2019",9890
"26.07.2019",9843
"27.07.2019",9466
"28.07.2019",9519
"29.07.2019",9507
"30.07.2019",9589
"31.07.2019",10088
"01.08.2019",10399
"02.08.2019",10519
"03.08.2019",10822
"04.08.2019",10973
"05.08.2019",11808
"06.08.2019",11471
"07.08.2019",11997
"08.08.2019",12060
"09.08.2019",11893
"10.08.2019",11314
"11.08.2019",11586
"12.08.2019",11404
"13.08.2019",10904
"14.08.2019",10067
"15.08.2019",10327
"16.08.2019",10366
"17.08.2019",10228
"18.08.2019",10327
"19.08.2019",10937
"20.08.2019",10793
"21.08.2019",10146
"22.08.2019",10117
"23.08.2019",10408
"24.08.2019",10152
"25.08.2019",10132
"26.08.2019",10377
"27.08.2019",10184
"28.08.2019",9727
"29.08.2019",9509
"30.08.2019",9601
"31.08.2019",9624
"01.09.2019",9779
"02.09.2019",10388
"03.09.2019",10641
"04.09.2019",10590
"05.09.2019",10579
"06.09.2019",10317
"07.09.2019",10488
"08.09.2019",10415
"09.09.2019",10318
"10.09.2019",10122
"11.09.2019",10175
"12.09.2019",10452
"13.09.2019",10374
"14.09.2019",10379
"15.09.2019",10322
"16.09.2019",10295
"17.09.2019",10214
"18.09.2019",10185
"19.09.2019",10301
"20.09.2019",10198
"21.09.2019",10013
"22.09.2019",10052
"23.09.2019",9703
"24.09.2019",8548
"25.09.2019",8475
"26.09.2019",8104
"27.09.2019",8213
"28.09.2019",8239
"29.09.2019",8090
"30.09.2019",8331
"01.10.2019",8335
"02.10.2019",8413
"03.10.2019",8258
"04.10.2019",8170
"05.10.2019",8163
"06.10.2019",7883
"07.10.2019",8227
"08.10.2019",8211
"09.10.2019",8608
"10.10.2019",8596
"11.10.2019",8280
"12.10.2019",8318
"13.10.2019",8306
"14.10.2019",8370
"15.10.2019",8191
"16.10.2019",8016
"17.10.2019",8092
"18.10.2019",7987
"19.10.2019",7993
"20.10.2019",8261
"21.10.2019",8244
"22.10.2019",8059
"23.10.2019",7494
"24.10.2019",7453
"25.10.2019",8679
"26.10.2019",9271
"27.10.2019",9572
"28.10.2019",9226
"29.10.2019",9446
"30.10.2019",9184
"31.10.2019",9186
"01.11.2019",9289
"02.11.2019",9332
"03.11.2019",9222
"04.11.2019",9441
"05.11.2019",9334
"06.11.2019",9353
"07.11.2019",9208
"08.11.2019",8782
"09.11.2019",8828
"10.11.2019",9068
"11.11.2019",8738
"12.11.2019",8830
"13.11.2019",8801
"14.11.2019",8656
"15.11.2019",8496
"16.11.2019",8524
"17.11.2019",8537
"18.11.2019",8220
"19.11.2019",8165
"20.11.2019",8126
"21.11.2019",7671
"22.11.2019",7323
"23.11.2019",7353
"24.11.2019",6965
"25.11.2019",7168
"26.11.2019",7198
"27.11.2019",7549
"28.11.2019",7461
"29.11.2019",7797
"30.11.2019",7600
"01.12.2019",7450
"02.12.2019",7350
"03.12.2019",7336
"04.12.2019",7238
"05.12.2019",7440
"06.12.2019",7588
"07.12.2019",7543
"08.12.2019",7565
"09.12.2019",7380
"10.12.2019",7255
"11.12.2019",7231
"12.12.2019",7224
"13.12.2019",7283
"14.12.2019",7101
"15.12.2019",7153
"16.12.2019",6927
"17.12.2019",6667
"18.12.2019",7323
"19.12.2019",7182
"20.12.2019",7213
"21.12.2019",7166
"22.12.2019",7532
"23.12.2019",7347
"24.12.2019",7277
"25.12.2019",7220
"26.12.2019",7232
"27.12.2019",7287
"28.12.2019",7334
"29.12.2019",7418
"30.12.2019",7261
"31.12.2019",7208
"01.01.2020",7213
"02.01.2020",6989
"03.01.2020",7368
"04.01.2020",7370
"05.01.2020",7365
"06.01.2020",7758
"07.01.2020",8150
"08.01.2020",8037
"09.01.2020",7818
"10.01.2020",8176
"11.01.2020",8014
"12.01.2020",8175
"13.01.2020",8095
"14.01.2020",8776
"15.01.2020",8808
"16.01.2020",8721
"17.01.2020",8875
"18.01.2020",8892
"19.01.2020",8694
"20.01.2020",8638
"21.01.2020",8734
"22.01.2020",8664
"23.01.2020",8404
"24.01.2020",8447
"25.01.2020",8354
"26.01.2020",8622
"27.01.2020",8912
"28.01.2020",9394
"29.01.2020",9304
"30.01.2020",9513
"31.01.2020",9367
"01.02.2020",9411
"02.02.2020",9353
"03.02.2020",9309
"04.02.2020",9197
"05.02.2020",9612
"06.02.2020",9745
"07.02.2020",9805
"08.02.2020",9877
"09.02.2020",10151
"10.02.2020",9850
"11.02.2020",10247
"12.02.2020",10339
"13.02.2020",10222
"14.02.2020",10335
"15.02.2020",9901
"16.02.2020",9930
"17.02.2020",9708
"18.02.2020",10183
"19.02.2020",9592
"20.02.2020",9608
"21.02.2020",9694
"22.02.2020",9662
"23.02.2020",9985
"24.02.2020",9674
"25.02.2020",9328
"26.02.2020",8813
"27.02.2020",8826
"28.02.2020",8728
"29.02.2020",8557
"01.03.2020",8565
"02.03.2020",8938
"03.03.2020",8791
"04.03.2020",8789
"05.03.2020",9091
"06.03.2020",9181
"07.03.2020",8919
"08.03.2020",8074
"09.03.2020",7967
"10.03.2020",7914
"11.03.2020",7970
"12.03.2020",4927
"13.03.2020",5625
"14.03.2020",5218
"15.03.2020",5383
"16.03.2020",5059
"17.03.2020",5345
"18.03.2020",5416
"19.03.2020",6173
"20.03.2020",6206
"21.03.2020",6202
"22.03.2020",5827
"23.03.2020",6491
"24.03.2020",6762
"25.03.2020",6688
"26.03.2020",6751
"27.03.2020",6370
"28.03.2020",6249
"29.03.2020",5893
"30.03.2020",6408
"31.03.2020",6428
"01.04.2020",6675
"02.04.2020",6818
"03.04.2020",6741
"04.04.2020",6882
"05.04.2020",6778
"06.04.2020",7346
"07.04.2020",7203
"08.04.2020",7367
"09.04.2020",7294
"10.04.2020",6876
"11.04.2020",6885
"12.04.2020",6913
"13.04.2020",6849
"14.04.2020",6872
"15.04.2020",6634
"16.04.2020",7115
"17.04.2020",7046
"18.04.2020",7269
"19.04.2020",7133
"20.04.2020",6842
"21.04.2020",6850
"22.04.2020",7133
"23.04.2020",7495
"24.04.2020",7507
"25.04.2020",7539
"26.04.2020",7697
"27.04.2020",7778
"28.04.2020",7756
"29.04.2020",8773
"30.04.2020",8635
"01.05.2020",8823
"02.05.2020",8982
"03.05.2020",8900
"04.05.2020",8866
"05.05.2020",9020
"06.05.2020",9158
"07.05.2020",9980
"08.05.2020",9793
"09.05.2020",9538
"10.05.2020",8726
"11.05.2020",8555
"12.05.2020",8811
"13.05.2020",9312
"14.05.2020",9791
"15.05.2020",9313
"16.05.2020",9388
"17.05.2020",9668
"18.05.2020",9715
"19.05.2020",9770
"20.05.2020",9502
"21.05.2020",9060
"22.05.2020",9162
"23.05.2020",9175
"24.05.2020",8712
"25.05.2020",8902
"26.05.2020",8846
"27.05.2020",9210
"28.05.2020",9589
"29.05.2020",9426
"30.05.2020",9706
"31.05.2020",9452
"01.06.2020",10221
"02.06.2020",9530
"03.06.2020",9672
"04.06.2020",9791
"05.06.2020",9621
"06.06.2020",9668
"07.06.2020",9746
"08.06.2020",9783
"09.06.2020",9771
"10.06.2020",9899
"11.06.2020",9272
"12.06.2020",9468
"13.06.2020",9481
"14.06.2020",9345
"15.06.2020",9434
"16.06.2020",9534
"17.06.2020",9473
"18.06.2020",9400
"19.06.2020",9316
"20.06.2020",9371
"21.06.2020",9298
"22.06.2020",9698
"23.06.2020",9635
"24.06.2020",9312
"25.06.2020",9257
"26.06.2020",9173
"27.06.2020",9015
"28.06.2020",9128
"29.06.2020",9194
"30.06.2020",9151
"01.07.2020",9240
"02.07.2020",9100
"03.07.2020",9074
"04.07.2020",9148
"05.07.2020",9090
"06.07.2020",9361
"07.07.2020",9268
"08.07.2020",9447
"09.07.2020",9249
"10.07.2020",9306
"11.07.2020",9246
"12.07.2020",9316
"13.07.2020",9252
"14.07.2020",9263
"15.07.2020",9210
"16.07.2020",9150
"17.07.2020",9167
"18.07.2020",9189
"19.07.2020",9231
"20.07.2020",9179
"21.07.2020",9402
"22.07.2020",9558
"23.07.2020",9615
"24.07.2020",9559
"25.07.2020",9715
"26.07.2020",9948
"27.07.2020",11044
"28.07.2020",10932
"29.07.2020",11117
"30.07.2020",11123
"31.07.2020",11350
"01.08.2020",11805
"02.08.2020",11054
"03.08.2020",11227
"04.08.2020",11184
"05.08.2020",11736
"06.08.2020",11759
"07.08.2020",11580
"08.08.2020",11764
"09.08.2020",11676
"10.08.2020",11892
"11.08.2020",11380
"12.08.2020",11591
"13.08.2020",11793
"14.08.2020",11761
"15.08.2020",11873
"16.08.2020",11925
"17.08.2020",12300
"18.08.2020",11962
"19.08.2020",11778
"20.08.2020",11884
"21.08.2020",11531
"22.08.2020",11685
"23.08.2020",11663
"24.08.2020",11768
"25.08.2020",11341
"26.08.2020",11471
"27.08.2020",11343
"28.08.2020",11545
"29.08.2020",11492
"30.08.2020",11730
"31.08.2020",11671
"01.09.2020",11942
"02.09.2020",11408
"03.09.2020",10170
"04.09.2020",10485
"05.09.2020",10197
"06.09.2020",10276
"07.09.2020",10397
"08.09.2020",10150
"09.09.2020",10240
"10.09.2020",10355
"11.09.2020",10405
"12.09.2020",10458
"13.09.2020",10331
"14.09.2020",10686
"15.09.2020",10797
"16.09.2020",10971
"17.09.2020",10959
"18.09.2020",10957
"19.09.2020",11099
"20.09.2020",10935
"21.09.2020",10434
"22.09.2020",10549
"23.09.2020",10263
"24.09.2020",10754
"25.09.2020",10708
"26.09.2020",10750
"27.09.2020",10803
"28.09.2020",10712
"29.09.2020",10856
"30.09.2020",10794
"01.10.2020",10634
"02.10.2020",10586
"03.10.2020",10559
"04.10.2020",10687
"05.10.2020",10807
"06.10.2020",10614
"07.10.2020",10687
"08.10.2020",10943
"09.10.2020",11071
"10.10.2020",11308
"11.10.2020",11385
"12.10.2020",11560
"13.10.2020",11442
"14.10.2020",11440
"15.10.2020",11509
"16.10.2020",11325
"17.10.2020",11375
"18.10.2020",11518
"19.10.2020",11757
"20.10.2020",11925
"21.10.2020",12825
"22.10.2020",12988
"23.10.2020",12935
"24.10.2020",13132
"25.10.2020",13037
"26.10.2020",13061
"27.10.2020",13626
"28.10.2020",13272
"29.10.2020",13451
"30.10.2020",13568
"31.10.2020",13788
"01.11.2020",13756
"02.11.2020",13563
"03.11.2020",14025
"04.11.2020",14160
"05.11.2020",15574
"06.11.2020",15572
"07.11.2020",14844
"08.11.2020",15501
"09.11.2020",15329
"10.11.2020",15312
"11.11.2020",15710
"12.11.2020",16294
"13.11.2020",16310
"14.11.2020",16058
"15.11.2020",15962
"16.11.2020",16710
"17.11.2020",17675
"18.11.2020",17773
"19.11.2020",17810
"20.11.2020",18669
"21.11.2020",18660
"22.11.2020",18399
"23.11.2020",18373
"24.11.2020",19135
"25.11.2020",18730
"26.11.2020",17219
"27.11.2020",17169
"28.11.2020",17746
"29.11.2020",18196
"30.11.2020",19686
"01.12.2020",18807
"02.12.2020",19241
"03.12.2020",19447
"04.12.2020",18657
"05.12.2020",19157
"06.12.2020",19410
"07.12.2020",19196
"08.12.2020",18335
"09.12.2020",18560
"10.12.2020",18260
"11.12.2020",18050
"12.12.2020",18811
"13.12.2020",19180
"14.12.2020",19281
"15.12.2020",19459
"16.12.2020",21322
"17.12.2020",22807
"18.12.2020",23127
"19.12.2020",23804
"20.12.2020",23427
"21.12.2020",22701
"22.12.2020",23805
"23.12.2020",23234
"24.12.2020",23735
"25.12.2020",24717
"26.12.2020",26412
"27.12.2020",26241
"28.12.2020",27058
"29.12.2020",27315
"30.12.2020",28880
"31.12.2020",28933
"01.01.2021",29346
"02.01.2021",32185
"03.01.2021",32971
"04.01.2021",32020
"05.01.2021",33996
"06.01.2021",36755
"07.01.2021",39407
"08.01.2021",40509
"09.01.2021",40171
"10.01.2021",38226
"11.01.2021",35476
"12.01.2021",34103
"13.01.2021",37375
"14.01.2021",39170
"15.01.2021",36741
"16.01.2021",36055
"17.01.2021",35903
"18.01.2021",36699
"19.01.2021",35958
"20.01.2021",35521
"21.01.2021",30873
"22.01.2021",33062
"23.01.2021",32099
"24.01.2021",32298
"25.01.2021",32268
"26.01.2021",32519
"27.01.2021",30454
"28.01.2021",33331
"29.01.2021",34281
"30.01.2021",34334
"31.01.2021",33141
"01.02.2021",33559
"02.02.2021",35563
"03.02.2021",37677
"04.02.2021",36975
"05.02.2021",38260
"06.02.2021",39257
"07.02.2021",38841
"08.02.2021",46440
"09.02.2021",46486
"10.02.2021",44835
"11.02.2021",47966
"12.02.2021",47389
"13.02.2021",47177
"14.02.2021",48587
"15.02.2021",47941
"16.02.2021",49225
"17.02.2021",52060
"18.02.2021",51566
"19.02.2021",55847
"20.02.2021",55838
"21.02.2021",57376
"22.02.2021",54078
"23.02.2021",48888
"24.02.2021",49715
"25.02.2021",47144
"26.02.2021",46319
"27.02.2021",46217
"28.02.2021",45300
"01.03.2021",49572
"02.03.2021",48526
"03.03.2021",50425
"04.03.2021",48368
"05.03.2021",48811
"06.03.2021",48895
"07.03.2021",51031
"08.03.2021",52395
"09.03.2021",54949
"10.03.2021",55955
"11.03.2021",57869
"12.03.2021",57315
"13.03.2021",61207
"14.03.2021",59005
"15.03.2021",55644
"16.03.2021",56924
"17.03.2021",58870
"18.03.2021",57640
"19.03.2021",58074
"20.03.2021",58087
"21.03.2021",57368
"22.03.2021",54074
"23.03.2021",54331
"24.03.2021",52347
"25.03.2021",51363
"26.03.2021",54993
"27.03.2021",55886
"28.03.2021",55773
"29.03.2021",57672
"30.03.2021",58841
"31.03.2021",58796
"01.04.2021",58727
"02.04.2021",58959
"03.04.2021",57023
"04.04.2021",58240
"05.04.2021",59145
"06.04.2021",57991
"07.04.2021",55960
"08.04.2021",58110
"09.04.2021",58114
"10.04.2021",59824
"11.04.2021",60035
"12.04.2021",59900
"13.04.2021",63518
"14.04.2021",62943
"15.04.2021",63196
"16.04.2021",61325
"17.04.2021",59970
"18.04.2021",56163
"19.04.2021",55639
"20.04.2021",56476
"21.04.2021",53822
"22.04.2021",51781
"23.04.2021",51139
"24.04.2021",50167
"25.04.2021",49116
"26.04.2021",54103
"27.04.2021",55044
"28.04.2021",54860
"29.04.2021",53566
"30.04.2021",57637
"01.05.2021",57774
"02.05.2021",56605
"03.05.2021",57147
"04.05.2021",53264
"05.05.2021",57477
"06.05.2021",56451
"07.05.2021",57349
"08.05.2021",58894
"09.05.2021",58276
"10.05.2021",55851
"11.05.2021",56715
"12.05.2021",49725
"13.05.2021",49747
"14.05.2021",49917
"15.05.2021",46785
"16.05.2021",46583
"17.05.2021",43544
"18.05.2021",42935
"19.05.2021",36755
"20.05.2021",40578
"21.05.2021",37415
"22.05.2021",37585
"23.05.2021",34730
"24.05.2021",38773
"25.05.2021",38363
"26.05.2021",39301
"27.05.2021",38435
"28.05.2021",35667
"29.05.2021",34570
"30.05.2021",35615
"31.05.2021",37305
"01.06.2021",36673
"02.06.2021",37590
"03.06.2021",39209
"04.06.2021",36854
"05.06.2021",35543
"06.06.2021",35782
"07.06.2021",33596
"08.06.2021",33415
"09.06.2021",37347
"10.06.2021",36649
"11.06.2021",37338
"12.06.2021",35531
"13.06.2021",39004
"14.06.2021",40500
"15.06.2021",40139
"16.06.2021",38332
"17.06.2021",38061
"18.06.2021",35802
"19.06.2021",35586
"20.06.2021",35631
"21.06.2021",31761
"22.06.2021",32553
"23.06.2021",33703
"24.06.2021",34657
"25.06.2021",31584
"26.06.2021",32359
"27.06.2021",34717
"28.06.2021",34484
"29.06.2021",35896
"30.06.2021",35044
"01.07.2021",33554
"02.07.2021",33816
"03.07.2021",34758
"04.07.2021",35289
"05.07.2021",33668
"06.07.2021",34140
"07.07.2021",33886
"08.07.2021",32874
"09.07.2021",33769
"10.07.2021",33506
"11.07.2021",34239
"12.07.2021",33090
"13.07.2021",32727
"14.07.2021",32823
"15.07.2021",31857
"16.07.2021",31429
"17.07.2021",31559
"18.07.2021",31824
"19.07.2021",30847
"20.07.2021",29806
"21.07.2021",32141
"22.07.2021",32320
"23.07.2021",33597
"24.07.2021",33845
"25.07.2021",35407
"26.07.2021",37296
"27.07.2021",39563
"28.07.2021",40004
"29.07.2021",40041
"30.07.2021",42169
"31.07.2021",41409
"01.08.2021",39922
"02.08.2021",39156
"03.08.2021",38207
"04.08.2021",39754
"05.08.2021",40887
"06.08.2021",42830
"07.08.2021",44589
"08.08.2021",43770
"09.08.2021",46293
"10.08.2021",45612
"11.08.2021",45546
"12.08.2021",44423
"13.08.2021",47842
"14.08.2021",47084
"15.08.2021",47031
"16.08.2021",45940
"17.08.2021",44698
"18.08.2021",44744
"19.08.2021",46765
"20.08.2021",49332
"21.08.2021",48868
"22.08.2021",49264
"23.08.2021",49539
"24.08.2021",47714
"25.08.2021",48989
"26.08.2021",46832
"27.08.2021",49076
"28.08.2021",48914
"29.08.2021",48800
"30.08.2021",47008
"31.08.2021",47157
"01.09.2021",48844
"02.09.2021",49291
"03.09.2021",50000
"04.09.2021",49899
"05.09.2021",51762
"06.09.2021",52676
"07.09.2021",46778
"08.09.2021",46088
"09.09.2021",46389
"10.09.2021",44852
"11.09.2021",45169
"12.09.2021",46069
"13.09.2021",44960
"14.09.2021",47078
"15.09.2021",48136
"16.09.2021",47786
"17.09.2021",47292
"18.09.2021",48309
"19.09.2021",47239
"20.09.2021",43002
"21.09.2021",40664
"22.09.2021",43583
"23.09.2021",44882
"24.09.2021",42878
"25.09.2021",42711
"26.09.2021",43180
"27.09.2021",42191
"28.09.2021",41064
"29.09.2021",41551
"30.09.2021",43830
"01.10.2021",48157
"02.10.2021",47675
"03.10.2021",48243
"04.10.2021",49252
"05.10.2021",51508
"06.10.2021",55331
"07.10.2021",53793
"08.10.2021",53925
"09.10.2021",54978
"10.10.2021",54701
"11.10.2021",57468
"12.10.2021",55967
"13.10.2021",57381
"14.10.2021",57354
"15.10.2021",61709
"16.10.2021",60868
"17.10.2021",61511
"18.10.2021",62034
"19.10.2021",64237
"20.10.2021",65988
"21.10.2021",62200
"22.10.2021",60708
"23.10.2021",61302
"24.10.2021",60847
"25.10.2021",63100
"26.10.2021",60290
"27.10.2021",58453
"28.10.2021",60598
"29.10.2021",62235
"30.10.2021",61839
"31.10.2021",61330
"01.11.2021",60927
"02.11.2021",63249
"03.11.2021",62904
"04.11.2021",61423
"05.11.2021",61016
"06.11.2021",61496
"07.11.2021",63259
"08.11.2021",67526
"09.11.2021",66935
"10.11.2021",64954
"11.11.2021",64801
"12.11.2021",64156
"13.11.2021",64406
"14.11.2021",65471
"15.11.2021",63562
"16.11.2021",60124
"17.11.2021",60386
"18.11.2021",57014
"19.11.2021",58130
"20.11.2021",59739
"21.11.2021",58790
"22.11.2021",56299
"23.11.2021",57602
"24.11.2021",57209
"25.11.2021",58995
"26.11.2021",53738
"27.11.2021",54836
"28.11.2021",57325
"29.11.2021",57845
"30.11.2021",56938
"01.12.2021",57250
"02.12.2021",56517
"03.12.2021",53709
"04.12.2021",49272
"05.12.2021",49469
"06.12.2021",50567
"07.12.2021",50634
"08.12.2021",50503
"09.12.2021",47611
"10.12.2021",47170
"11.12.2021",49363
"12.12.2021",50123
"13.12.2021",46777
"14.12.2021",48408
"15.12.2021",48901
"16.12.2021",47675
"17.12.2021",46193
"18.12.2021",46879
"19.12.2021",46717
"20.12.2021",46898
"21.12.2021",48923
"22.12.2021",48626
"23.12.2021",50812
"24.12.2021",50815
"25.12.2021",50437
"26.12.2021",50797
"27.12.2021",50684
"28.12.2021",47554
"29.12.2021",46465
"30.12.2021",47156
"31.12.2021",46218
"01.01.2022",47755
